cID,sChurn,sAge,sIncome,sGender,sEmployment,sRelationship,sGenre,sSelection,sPricing,sSuggestions,sUsability,sRecommend
1,0.66,18-24,35000-49999,Other,None,Seperated,Film-Noir,9,3,2,3,0
2,0.52,25-34,50000-74999,Feamle,Full,NULL,Sport,0,6,3,7,8
3,0.74,55-64,35000-49999,Non-binary,Self,Seperated,Musical,2,6,4,1,0
4,0.64,25-34,15000-34999,Other,Student,NULL,Drama,8,1,0,3,6
5,0.62,55-64,NULL,Male,None,Married,Documentary,0,7,4,3,5
6,0.48,35-44,15000>,Non-binary,Student,Married,Mystery,4,9,6,6,1
7,0.58,65<,15000-34999,Male,Part,Married,Sport,2,6,5,1,7
8,0.68,NULL,74999-99999,NULL,Part,NULL,Comedy,1,7,7,0,1
9,0.68,55-64,15000>,Feamle,NULL,Partnered,History,3,4,1,3,5
10,0.28,18-24,100000<,Male,Part,Single,War,5,8,7,9,7
11,0.38,55-64,NULL,NULL,NULL,Partnered,Fantasy,7,1,10,6,7
12,0.5,NULL,NULL,Non-binary,None,Seperated,Sci-Fi,7,1,3,9,5
13,0.48,55-64,NULL,Male,Part,Single,Horror,6,4,3,7,6
14,0.54,45-54,74999-99999,Male,NULL,Single,Crime,7,5,6,3,2
15,0.64,45-54,15000>,Other,None,Single,Mystery,8,8,2,0,0
16,0.5,25-34,35000-49999,NULL,Full,Married,Film-Noir,9,0,7,8,1
17,0.68,65<,35000-49999,NULL,None,Partnered,Drama,1,4,8,1,2
18,0.62,18-24,15000-34999,NULL,Self,Married,Family,1,4,0,7,7
19,0.3,65<,100000<,Other,NULL,Single,Romance,10,9,6,2,8
20,0.58,65<,74999-99999,Male,Self,NULL,Drama,6,2,0,3,10
21,0.44,55-64,NULL,Male,Part,Single,Adventure,9,10,7,1,1
22,0.38,25-34,15000>,Non-binary,None,Partnered,Biography,10,7,5,1,8
23,0.54,45-54,74999-99999,NULL,Full,NULL,Adventure,3,7,0,4,9
24,0.28,55-64,100000<,Male,Full,Seperated,Fantasy,2,7,10,9,8
25,0.52,55-64,100000<,Other,NULL,Seperated,Sci-Fi,0,10,10,4,0
26,0.32,55-64,50000-74999,NULL,NULL,Married,Animation,2,7,8,10,7
27,0.48,25-34,74999-99999,Other,Full,Married,Biography,6,4,4,2,10
28,0.6,18-24,35000-49999,Feamle,Student,Married,War,7,2,6,4,1
29,0.5,25-34,15000>,Non-binary,Self,Seperated,Drama,5,0,10,5,5
30,0.42,18-24,15000>,NULL,Student,Married,Horror,0,10,3,7,9
31,0.62,25-34,15000-34999,NULL,NULL,Single,Adventure,6,6,4,2,1
32,0.56,45-54,74999-99999,Other,None,Single,Adventure,0,7,5,1,9
33,0.64,18-24,15000-34999,Male,Full,Seperated,Comedy,4,2,0,6,6
34,0.3,18-24,100000<,NULL,Student,Partnered,Biography,6,10,9,8,2
35,0.38,25-34,15000-34999,NULL,Full,NULL,Adventure,9,2,10,3,7
36,0.62,18-24,100000<,Feamle,Full,Married,Drama,4,2,1,8,4
37,0.6,NULL,NULL,Feamle,NULL,Single,Fantasy,4,0,8,1,7
38,0.7,55-64,74999-99999,Non-binary,None,Single,Mystery,1,2,8,2,2
39,0.4,55-64,74999-99999,Feamle,None,NULL,War,8,7,10,3,2
40,0.4,25-34,15000-34999,Other,None,Single,Biography,9,3,5,5,8
41,0.56,NULL,15000-34999,Feamle,Full,Married,Animation,2,2,3,6,9
42,0.6,18-24,15000>,Male,Student,Seperated,War,1,8,0,2,9
43,0.54,18-24,15000-34999,Non-binary,Self,Married,Family,9,3,3,5,3
44,0.64,45-54,35000-49999,NULL,Self,Partnered,Action,5,2,9,1,1
45,0.56,25-34,35000-49999,NULL,None,Single,Mystery,4,10,6,2,0
46,0.58,35-44,50000-74999,Feamle,None,Single,Film-Noir,0,1,10,2,8
47,0.3,65<,NULL,Feamle,None,Partnered,Film-Noir,10,0,7,10,8
48,0.6,55-64,35000-49999,Other,NULL,Seperated,Film-Noir,6,3,7,0,4
49,0.32,25-34,50000-74999,Other,Full,Partnered,Mystery,6,8,7,5,8
50,0.44,55-64,35000-49999,Feamle,NULL,NULL,History,1,9,5,5,8
51,0.54,25-34,NULL,Male,Full,Seperated,Mystery,2,6,3,7,5
52,0.38,NULL,74999-99999,Male,NULL,Married,Sci-Fi,8,8,6,3,6
53,0.76,NULL,15000-34999,NULL,NULL,Seperated,History,0,3,1,7,1
54,0.36,45-54,74999-99999,Feamle,Part,Seperated,Crime,10,2,9,2,9
55,0.38,25-34,15000>,Male,Part,Seperated,Short,8,7,1,9,6
56,0.54,45-54,15000-34999,Feamle,Self,Single,Sport,1,8,6,2,6
57,0.68,18-24,35000-49999,Other,Part,Married,News,2,0,0,5,9
58,0.62,35-44,NULL,Feamle,Student,NULL,War,10,1,6,1,1
59,0.32,45-54,50000-74999,Feamle,None,Married,Animation,10,8,1,10,5
60,0.42,18-24,100000<,Male,NULL,Partnered,Documentary,7,9,7,3,3
61,0.2,25-34,NULL,Non-binary,Full,Seperated,Music,10,5,10,9,6
62,0.64,65<,74999-99999,Feamle,None,Married,Film-Noir,7,8,1,0,2
63,0.38,65<,74999-99999,Feamle,Part,Married,War,9,10,7,3,2
64,0.66,35-44,15000-34999,Non-binary,Student,Partnered,War,4,4,3,5,1
65,0.22,45-54,15000-34999,Non-binary,Full,Partnered,Thriller,7,8,10,7,7
66,0.58,35-44,35000-49999,Other,Part,Single,Film-Noir,4,1,2,10,4
67,0.68,45-54,35000-49999,Feamle,Self,Partnered,Family,3,6,2,0,5
68,0.54,45-54,35000-49999,Non-binary,Self,Partnered,Action,5,0,9,6,3
69,0.52,55-64,15000-34999,Feamle,Self,Partnered,Film-Noir,5,5,7,7,0
70,0.64,55-64,15000>,Other,Full,Single,Musical,1,3,6,7,1
71,0.4,35-44,35000-49999,Other,NULL,Single,Family,7,5,3,9,6
72,0.46,18-24,15000-34999,Male,Student,Single,Sport,6,3,3,8,7
73,0.74,55-64,100000<,Feamle,NULL,NULL,Romance,0,4,6,2,1
74,0.28,18-24,NULL,NULL,NULL,Partnered,History,10,6,5,6,9
75,0.3,35-44,15000-34999,Feamle,Student,Single,Comedy,4,3,9,9,10
76,0.66,25-34,100000<,NULL,Full,Partnered,Film-Noir,7,1,0,8,1
77,0.54,35-44,15000>,Feamle,None,Married,Biography,2,6,3,2,10
78,0.46,NULL,100000<,NULL,Self,Single,Biography,5,7,8,0,7
79,0.54,45-54,15000-34999,Male,Full,Seperated,Film-Noir,3,9,8,3,0
80,0.42,65<,NULL,Male,Full,Married,Crime,0,1,10,9,9
81,0.76,55-64,100000<,Non-binary,None,Married,Family,1,0,2,8,1
82,0.56,55-64,15000>,Non-binary,Part,Married,Short,1,0,10,5,6
83,0.74,45-54,50000-74999,Male,Part,Partnered,Film-Noir,1,10,1,0,1
84,0.4,25-34,NULL,Male,Part,Partnered,News,6,8,8,0,8
85,0.48,65<,100000<,Other,NULL,Seperated,Family,7,5,4,2,8
86,0.58,35-44,50000-74999,Other,None,Single,Biography,5,1,3,3,9
87,0.68,25-34,NULL,Feamle,Student,Single,Adventure,1,0,8,1,6
88,0.54,18-24,15000>,Non-binary,None,Single,Mystery,3,0,9,1,10
89,0.46,18-24,NULL,Other,Self,Partnered,Music,0,7,8,7,5
90,0.64,35-44,35000-49999,Other,NULL,Partnered,Mystery,1,2,1,7,7
91,0.44,55-64,NULL,Other,NULL,Seperated,Adventure,1,4,3,10,10
92,0.52,35-44,NULL,NULL,None,Single,Drama,3,3,5,10,3
93,0.62,35-44,50000-74999,Male,Full,Single,Sci-Fi,8,5,2,2,2
94,0.24,35-44,74999-99999,Male,None,Seperated,Fantasy,10,4,5,9,10
95,0.54,35-44,15000>,Non-binary,Full,Married,Action,6,0,8,7,2
96,0.34,35-44,15000-34999,Feamle,Part,Married,Family,3,7,9,10,4
97,0.56,45-54,100000<,Non-binary,Self,NULL,War,2,6,10,2,2
98,0.48,18-24,100000<,Non-binary,Part,Married,Romance,3,8,3,9,3
99,0.42,35-44,50000-74999,Other,Self,Seperated,Short,10,5,3,2,9
100,0.3,45-54,74999-99999,Non-binary,None,Seperated,Musical,8,3,10,5,9
101,0.5,35-44,74999-99999,Other,Self,Partnered,Short,9,6,1,0,9
102,0.58,18-24,50000-74999,Non-binary,Student,Married,Adventure,3,7,2,9,0
103,0.56,45-54,50000-74999,NULL,Self,Seperated,History,4,5,3,3,7
104,0.54,55-64,100000<,Male,None,Partnered,Short,5,1,4,8,5
105,0.52,65<,15000>,Other,Part,Seperated,Biography,10,5,0,3,6
106,0.68,55-64,50000-74999,NULL,Full,Partnered,Film-Noir,5,5,0,4,2
107,0.54,55-64,50000-74999,Non-binary,Full,Single,Romance,0,4,8,9,2
108,0.62,45-54,NULL,Feamle,Part,Single,Animation,0,10,1,7,1
109,0.44,65<,50000-74999,Male,Student,Seperated,Mystery,8,5,6,2,7
110,0.48,35-44,NULL,Other,Student,NULL,Biography,3,5,8,3,7
111,0.82,35-44,NULL,Other,NULL,NULL,Romance,5,1,2,0,1
112,0.58,35-44,15000>,Feamle,Student,NULL,Drama,10,0,3,7,1
113,0.66,35-44,NULL,Non-binary,Full,Single,Drama,4,3,1,8,1
114,0.46,18-24,35000-49999,NULL,Student,NULL,Adventure,8,4,9,5,1
115,0.64,35-44,50000-74999,Other,Full,NULL,Fantasy,0,0,8,8,2
116,0.28,NULL,100000<,Non-binary,Part,Single,Thriller,10,9,8,5,4
117,0.64,NULL,NULL,Male,None,Married,War,6,1,5,1,5
118,0.4,NULL,100000<,Male,Student,Married,Short,0,6,9,10,5
119,0.4,25-34,35000-49999,Non-binary,None,Single,News,9,1,8,2,10
120,0.38,55-64,74999-99999,NULL,Full,NULL,Crime,2,10,7,3,9
121,0.62,65<,74999-99999,Feamle,Self,Partnered,Family,3,1,3,9,3
122,0.5,25-34,50000-74999,Feamle,Full,NULL,Family,2,9,2,9,3
123,0.4,65<,15000-34999,Male,Student,Seperated,Family,5,4,8,9,4
124,0.54,35-44,50000-74999,Male,Full,NULL,Music,6,4,8,5,0
125,0.32,25-34,15000>,NULL,Student,Married,News,9,1,10,8,6
126,0.68,35-44,15000-34999,Feamle,Student,NULL,Sport,1,0,2,8,5
127,0.46,18-24,50000-74999,Feamle,Part,Partnered,Adventure,1,8,5,3,10
128,0.64,NULL,NULL,Male,Part,NULL,History,4,0,6,3,5
129,0.48,35-44,50000-74999,Non-binary,NULL,Seperated,Animation,3,4,6,7,6
130,0.62,35-44,74999-99999,Non-binary,NULL,NULL,News,6,7,3,3,0
131,0.4,35-44,100000<,Male,Part,Married,News,7,6,10,1,6
132,0.42,55-64,74999-99999,NULL,Student,Married,Film-Noir,0,10,7,5,7
133,0.62,18-24,15000-34999,Other,None,Seperated,Mystery,5,6,5,2,1
134,0.7,35-44,15000-34999,Other,Part,Seperated,Music,8,1,2,1,3
135,0.74,65<,50000-74999,Feamle,NULL,Single,Biography,0,5,0,6,2
136,0.52,18-24,NULL,Male,Self,Married,Film-Noir,9,3,7,4,1
137,0.68,35-44,74999-99999,NULL,Full,Single,Action,0,6,0,2,8
138,0.6,55-64,NULL,NULL,Self,Married,News,3,1,2,8,6
139,0.82,55-64,15000-34999,NULL,None,Partnered,Documentary,0,0,0,9,0
140,0.5,35-44,35000-49999,Other,NULL,Married,Biography,5,7,6,1,6
141,0.56,65<,100000<,Other,Part,NULL,Adventure,10,0,4,6,2
142,0.52,65<,74999-99999,NULL,Full,Married,Action,2,6,6,6,4
143,0.76,NULL,NULL,Feamle,Full,NULL,Horror,0,0,4,8,0
144,0.24,25-34,15000>,NULL,Student,Married,Thriller,9,6,8,9,6
145,0.42,25-34,35000-49999,Non-binary,Self,Married,History,5,10,5,6,3
146,0.64,35-44,50000-74999,Male,Full,Seperated,Sport,3,8,1,5,1
147,0.6,25-34,74999-99999,Non-binary,Part,Single,Documentary,4,8,0,5,3
148,0.48,45-54,15000-34999,NULL,Student,Single,Short,9,9,3,0,5
149,0.06,NULL,15000>,Male,NULL,Married,Action,9,10,10,8,10
150,0.42,55-64,35000-49999,Other,NULL,NULL,Family,6,10,10,2,1
151,0.48,55-64,50000-74999,NULL,Full,Single,Thriller,1,8,5,8,4
152,0.28,18-24,50000-74999,NULL,Student,Partnered,Musical,10,9,3,9,5
153,0.66,NULL,74999-99999,Other,Self,Partnered,History,4,6,4,0,3
154,0.28,45-54,35000-49999,Non-binary,Self,Seperated,Crime,10,10,0,10,6
155,0.58,35-44,15000-34999,Male,Student,Seperated,Romance,4,3,4,3,7
156,0.5,45-54,15000-34999,Feamle,NULL,Married,Family,6,6,6,5,2
157,0.3,NULL,50000-74999,Feamle,Part,Seperated,History,9,10,4,9,3
158,0.44,35-44,15000>,Feamle,Full,Partnered,Romance,2,3,7,10,6
159,0.68,18-24,15000-34999,NULL,Self,Partnered,News,7,5,2,0,2
160,0.78,18-24,35000-49999,Male,NULL,Seperated,History,1,8,0,1,1
161,0.36,35-44,74999-99999,NULL,NULL,Married,Mystery,5,9,10,6,2
162,0.56,18-24,15000>,Feamle,Student,Married,Mystery,6,4,2,1,9
163,0.56,55-64,74999-99999,Male,Student,Seperated,Horror,4,2,2,4,10
164,0.24,35-44,NULL,NULL,Student,Single,Fantasy,8,10,8,9,3
165,0.34,55-64,NULL,Other,Student,Seperated,Music,9,8,6,9,1
166,0.32,45-54,100000<,Other,NULL,NULL,Family,6,7,10,1,10
167,0.5,45-54,35000-49999,Other,Full,Single,Music,7,8,0,3,7
168,0.52,65<,NULL,Male,Part,Married,Fantasy,6,9,5,3,1
169,0.58,35-44,15000>,Non-binary,NULL,Partnered,Musical,4,2,3,7,5
170,0.42,45-54,100000<,Male,Full,Single,Fantasy,7,3,10,1,8
171,0.36,55-64,35000-49999,NULL,Student,Married,Film-Noir,9,9,8,2,4
172,0.64,35-44,74999-99999,Other,Self,Single,Sport,3,0,9,1,5
173,0.5,45-54,100000<,Non-binary,Student,Single,Family,3,8,8,2,4
174,0.48,55-64,74999-99999,Other,Full,Married,Fantasy,4,8,3,4,7
175,0.82,65<,15000-34999,Male,Full,Partnered,Animation,0,3,3,3,0
176,0.44,NULL,NULL,Non-binary,Student,Single,Adventure,9,0,8,2,9
177,0.26,18-24,15000>,Non-binary,NULL,NULL,Sport,7,7,10,9,4
178,0.32,NULL,15000>,Non-binary,Self,Seperated,Comedy,8,8,4,6,8
179,0.42,NULL,NULL,Feamle,Part,NULL,News,8,6,6,2,7
180,0.4,18-24,50000-74999,NULL,Full,Partnered,Horror,2,9,5,7,7
181,0.62,18-24,74999-99999,Male,Self,Single,Thriller,1,1,8,4,5
182,0.44,35-44,50000-74999,Other,Self,Partnered,War,3,4,6,9,6
183,0.6,NULL,NULL,Male,Self,Single,Music,0,9,3,7,1
184,0.36,65<,15000-34999,Feamle,None,Seperated,Crime,5,6,7,8,6
185,0.32,25-34,NULL,Feamle,None,Seperated,Drama,7,10,9,8,0
186,0.36,35-44,NULL,Non-binary,None,NULL,Biography,10,4,10,0,8
187,0.64,45-54,NULL,Male,None,Single,Mystery,3,9,5,1,0
188,0.68,45-54,100000<,Feamle,None,Married,War,6,0,3,3,4
189,0.5,18-24,50000-74999,Non-binary,Self,Partnered,Animation,6,2,5,8,4
190,0.62,18-24,35000-49999,Male,Full,Single,Adventure,1,1,4,10,3
191,0.58,55-64,35000-49999,Feamle,Self,NULL,Sport,4,8,2,2,5
192,0.52,65<,15000-34999,Male,Part,Seperated,Thriller,4,0,10,1,9
193,0.44,35-44,50000-74999,Non-binary,Part,Partnered,Romance,7,5,8,5,3
194,0.34,45-54,15000>,Other,None,Married,History,8,7,4,6,8
195,0.6,45-54,74999-99999,Non-binary,Self,Married,Comedy,0,1,0,9,10
196,0.5,25-34,NULL,Male,Student,Partnered,Animation,4,0,10,1,10
197,0.56,NULL,NULL,Non-binary,Part,NULL,Documentary,5,0,3,8,6
198,0.46,65<,50000-74999,Non-binary,Part,Single,Film-Noir,9,1,9,8,0
199,0.54,NULL,35000-49999,Male,Full,Married,Biography,4,1,5,10,3
200,0.6,65<,50000-74999,Feamle,Full,Single,Short,0,8,2,5,5
201,0.44,65<,100000<,Male,Self,Seperated,Documentary,8,6,6,2,6
202,0.52,45-54,74999-99999,Non-binary,Part,Single,Short,6,10,1,5,2
203,0.22,NULL,15000>,NULL,None,Married,Crime,9,9,7,8,6
204,0.46,25-34,NULL,Male,None,Partnered,Adventure,7,6,5,4,5
205,0.26,18-24,35000-49999,Feamle,Full,Married,Action,6,9,10,7,5
206,0.52,35-44,15000>,Other,Part,Single,Animation,7,4,2,7,4
207,0.48,NULL,NULL,NULL,Self,Married,Fantasy,0,8,6,5,7
208,0.44,NULL,NULL,Non-binary,Self,NULL,Thriller,3,0,8,10,7
209,0.72,25-34,74999-99999,Feamle,NULL,NULL,Sport,4,4,3,1,2
210,0.48,25-34,50000-74999,NULL,None,NULL,Musical,1,7,1,9,8
211,0.18,NULL,50000-74999,NULL,Full,NULL,Crime,9,7,10,7,8
212,0.62,55-64,100000<,Other,NULL,Seperated,Adventure,0,8,2,5,4
213,0.42,45-54,15000-34999,Male,Full,Seperated,Fantasy,0,10,3,9,7
214,0.44,35-44,50000-74999,Male,Self,Single,History,10,7,10,1,0
215,0.42,55-64,15000>,Other,Student,Seperated,Sci-Fi,9,7,5,0,8
216,0.56,65<,100000<,Non-binary,Full,Partnered,Crime,1,9,8,3,1
217,0.5,25-34,74999-99999,Feamle,Student,Seperated,Musical,5,2,3,9,6
218,0.5,25-34,50000-74999,Male,None,Single,Biography,3,1,9,4,8
219,0.72,25-34,15000-34999,Non-binary,None,Married,Mystery,6,1,1,5,1
220,0.56,NULL,15000-34999,NULL,None,Single,Sport,5,1,7,4,5
221,0.42,18-24,50000-74999,Non-binary,NULL,NULL,Drama,6,0,10,7,6
222,0.3,45-54,74999-99999,Non-binary,Full,Married,Biography,7,10,6,5,7
223,0.64,65<,74999-99999,Other,Full,Married,Adventure,8,0,0,3,7
224,0.48,18-24,15000-34999,NULL,Full,NULL,Music,0,10,9,7,0
225,0.76,55-64,15000>,Feamle,Student,Single,Comedy,7,2,1,0,2
226,0.5,55-64,15000-34999,NULL,Student,Partnered,Fantasy,9,2,7,6,1
227,0.24,65<,15000-34999,Feamle,Self,Single,Sport,9,5,9,10,5
228,0.34,45-54,74999-99999,Non-binary,Part,NULL,Romance,8,2,5,10,8
229,0.36,NULL,15000-34999,Feamle,NULL,Single,History,6,2,9,7,8
230,0.64,NULL,15000-34999,Non-binary,Part,Partnered,Documentary,7,1,7,2,1
231,0.46,35-44,NULL,Non-binary,Self,NULL,Short,9,5,4,8,1
232,0.5,65<,NULL,NULL,Student,Seperated,Drama,1,9,5,5,5
233,0.52,45-54,NULL,NULL,Full,Partnered,War,4,1,1,10,8
234,0.72,18-24,50000-74999,Non-binary,NULL,Partnered,Drama,5,2,6,1,0
235,0.52,45-54,NULL,Feamle,Full,Married,War,5,1,9,7,2
236,0.2,65<,100000<,NULL,NULL,Seperated,Fantasy,8,8,8,10,6
237,0.62,NULL,15000>,Non-binary,Self,Married,News,1,6,2,1,9
238,0.44,NULL,35000-49999,Other,NULL,Seperated,Animation,1,6,8,3,10
239,0.64,45-54,50000-74999,Male,Part,Single,Musical,2,2,2,8,4
240,0.3,NULL,50000-74999,Feamle,Student,Partnered,Thriller,10,10,5,10,0
241,0.36,65<,15000>,NULL,NULL,Partnered,Musical,6,10,3,6,7
242,0.4,NULL,NULL,NULL,NULL,Married,Action,1,7,7,6,9
243,0.52,65<,35000-49999,NULL,Part,Seperated,Crime,4,6,5,4,5
244,0.44,18-24,15000>,Feamle,Self,Seperated,Thriller,8,5,5,7,3
245,0.18,25-34,NULL,Non-binary,Student,NULL,Fantasy,10,8,6,10,7
246,0.44,35-44,100000<,Other,NULL,Seperated,Drama,10,4,8,1,5
247,0.58,45-54,NULL,Feamle,Part,Single,Documentary,2,2,2,10,5
248,0.46,25-34,100000<,Non-binary,NULL,Single,Horror,6,5,6,0,10
249,0.54,NULL,15000-34999,NULL,Part,Single,Biography,7,2,0,9,5
250,0.32,18-24,74999-99999,Male,Full,Seperated,Crime,8,9,9,3,5
251,0.42,55-64,35000-49999,NULL,NULL,Married,Action,7,9,6,5,2
252,0.48,65<,15000-34999,Non-binary,None,Seperated,Family,4,5,8,1,8
253,0.22,55-64,100000<,NULL,None,Married,Horror,9,10,3,10,7
254,0.6,25-34,NULL,Male,Part,Seperated,Film-Noir,5,7,5,2,1
255,0.5,65<,74999-99999,Non-binary,Full,Seperated,Sport,7,0,8,2,8
256,0.28,NULL,15000-34999,Other,Self,Married,Thriller,10,3,4,9,10
257,0.56,18-24,50000-74999,Feamle,None,Single,Mystery,2,6,4,10,0
258,0.82,55-64,15000>,NULL,Student,Married,War,1,2,0,1,5
259,0.32,55-64,35000-49999,NULL,Student,Married,Documentary,3,9,6,9,7
260,0.52,18-24,NULL,Feamle,NULL,Single,Comedy,3,4,4,4,9
261,0.36,55-64,15000>,NULL,Self,Partnered,Adventure,10,1,7,7,7
262,0.48,45-54,50000-74999,Other,Student,Seperated,Sport,6,7,0,6,7
263,0.6,NULL,35000-49999,Male,Self,Single,News,8,7,3,1,1
264,0.66,35-44,15000>,Male,Full,Married,War,0,1,4,9,3
265,0.68,25-34,50000-74999,Feamle,Part,Seperated,Animation,3,0,8,5,0
266,0.46,35-44,100000<,Male,NULL,Partnered,Thriller,8,4,0,8,7
267,0.48,55-64,15000>,Non-binary,Self,Seperated,News,9,4,4,8,1
268,0.54,35-44,100000<,NULL,None,Partnered,Musical,5,6,1,4,7
269,0.6,18-24,74999-99999,Male,None,Married,Fantasy,3,9,0,3,5
270,0.4,45-54,15000-34999,Feamle,Part,Seperated,Animation,4,8,8,4,6
271,0.56,65<,NULL,NULL,Full,Single,Horror,2,3,6,8,3
272,0.64,45-54,100000<,Male,Full,Married,Short,9,3,2,4,0
273,0.3,55-64,35000-49999,Non-binary,None,Single,Biography,10,10,9,6,0
274,0.62,45-54,74999-99999,Male,None,Single,Thriller,0,1,4,8,6
275,0.66,25-34,35000-49999,Feamle,Student,Married,News,3,0,5,7,2
276,0.58,25-34,35000-49999,NULL,NULL,Married,Adventure,7,3,1,1,9
277,0.52,25-34,100000<,Non-binary,Student,Single,Thriller,7,7,6,0,4
278,0.44,55-64,50000-74999,NULL,Self,NULL,Crime,3,8,6,7,4
279,0.62,18-24,35000-49999,NULL,Self,Single,Action,3,10,1,1,4
280,0.68,55-64,15000-34999,NULL,Self,Married,Adventure,0,2,5,0,9
281,0.66,25-34,35000-49999,Feamle,NULL,Partnered,Sport,4,7,4,0,2
282,0.54,45-54,74999-99999,NULL,Part,Married,Biography,4,2,9,6,2
283,0.6,25-34,35000-49999,Non-binary,None,Partnered,Drama,1,4,10,4,1
284,0.52,65<,74999-99999,Feamle,Part,Partnered,Biography,4,9,0,6,5
285,0.5,18-24,35000-49999,Other,Self,Seperated,Short,5,8,4,3,5
286,0.62,55-64,74999-99999,NULL,Self,NULL,Comedy,1,4,10,0,4
287,0.6,NULL,50000-74999,Other,Full,Single,Family,2,5,7,6,0
288,0.72,55-64,15000>,NULL,Part,Single,Biography,3,2,1,6,2
289,0.22,55-64,50000-74999,Other,Self,Single,War,6,5,10,9,9
290,0.7,35-44,15000-34999,Non-binary,Self,Partnered,Sport,2,4,1,6,2
291,0.2,45-54,35000-49999,Feamle,Self,Seperated,Family,6,9,10,6,9
292,0.34,NULL,15000>,NULL,NULL,Partnered,Sci-Fi,8,10,3,5,7
293,0.52,45-54,74999-99999,Other,Full,Seperated,Fantasy,6,7,3,2,6
294,0.4,45-54,NULL,Male,Self,Seperated,Music,7,8,10,1,4
295,0.74,45-54,NULL,Non-binary,None,Seperated,War,3,0,6,1,3
296,0.68,45-54,15000>,Other,Full,Married,Drama,1,7,4,2,2
297,0.42,45-54,NULL,Non-binary,Student,Partnered,Crime,4,9,1,10,5
298,0.54,25-34,100000<,NULL,Self,Single,Horror,10,0,3,8,2
299,0.52,35-44,74999-99999,Male,Self,NULL,Musical,2,3,4,5,10
300,0.5,25-34,50000-74999,Male,NULL,Partnered,Crime,2,4,10,6,3
301,0.6,25-34,50000-74999,Feamle,Self,Single,Crime,8,0,4,4,4
302,0.62,NULL,50000-74999,Male,Full,Married,Sci-Fi,5,8,1,2,3
303,0.4,18-24,74999-99999,NULL,NULL,Seperated,Biography,0,7,6,7,10
304,0.7,35-44,50000-74999,Non-binary,Self,Married,Film-Noir,1,2,6,0,6
305,0.52,18-24,74999-99999,Male,NULL,Seperated,Family,10,0,8,5,1
306,0.12,45-54,74999-99999,Male,Full,Partnered,Crime,10,10,7,10,7
307,0.62,65<,50000-74999,Male,Self,Partnered,Sci-Fi,6,8,0,4,1
308,0.4,35-44,15000>,Male,Student,Married,Biography,9,6,5,1,9
309,0.46,NULL,50000-74999,Male,Part,Seperated,Romance,9,4,10,2,2
310,0.42,NULL,15000>,Other,NULL,Partnered,Drama,7,1,10,7,4
311,0.44,NULL,35000-49999,Other,Part,NULL,Mystery,9,8,0,2,9
312,0.74,45-54,74999-99999,Male,Part,Single,Film-Noir,0,2,10,1,0
313,0.48,18-24,100000<,Feamle,Self,NULL,Family,7,1,2,9,7
314,0.62,35-44,100000<,Male,NULL,Single,Adventure,4,5,0,4,6
315,0.84,35-44,15000-34999,Other,Part,Married,Horror,4,0,1,2,1
316,0.46,18-24,15000>,Non-binary,Full,Single,Adventure,7,8,3,9,0
317,0.7,NULL,15000-34999,Male,Part,NULL,Animation,4,2,8,0,1
318,0.48,55-64,100000<,Male,None,Married,Fantasy,5,3,5,3,10
319,0.58,NULL,15000-34999,Feamle,Self,Seperated,Thriller,7,1,9,4,0
320,0.54,45-54,NULL,Non-binary,Full,Single,War,6,2,2,8,5
321,0.5,55-64,100000<,Non-binary,Full,Partnered,Comedy,6,2,7,9,1
322,0.64,55-64,50000-74999,Male,Student,Seperated,Crime,3,3,3,2,7
323,0.16,55-64,15000>,Other,Part,Married,Romance,10,4,9,10,9
324,0.48,NULL,15000>,Feamle,None,NULL,Horror,1,6,6,7,6
325,0.38,18-24,74999-99999,Male,None,Married,Crime,2,7,9,3,10
326,0.58,65<,50000-74999,Non-binary,Self,Single,Romance,8,4,9,0,0
327,0.52,NULL,15000>,Other,Full,Seperated,Animation,1,5,9,7,2
328,0.88,35-44,15000-34999,Feamle,None,Married,Sci-Fi,0,0,3,2,1
329,0.58,65<,50000-74999,NULL,None,Single,Sci-Fi,5,9,2,0,5
330,0.48,25-34,NULL,Non-binary,NULL,Seperated,Biography,6,3,0,9,8
331,0.36,NULL,15000>,Male,Part,Married,War,5,7,9,5,6
332,0.4,45-54,NULL,NULL,Student,Married,Sport,8,7,3,8,4
333,0.52,65<,15000>,Male,Self,Seperated,Horror,0,6,9,1,8
334,0.2,18-24,100000<,NULL,None,NULL,History,10,7,10,7,6
335,0.88,45-54,NULL,Male,NULL,Partnered,Music,2,0,1,3,0
336,0.42,45-54,50000-74999,Non-binary,Student,Single,Thriller,4,1,7,7,10
337,0.18,18-24,74999-99999,Feamle,Full,Single,Thriller,7,9,9,6,10
338,0.48,65<,NULL,Male,Self,NULL,Romance,5,1,9,1,10
339,0.46,NULL,74999-99999,Male,Part,Married,Comedy,0,10,1,9,7
340,0.38,45-54,74999-99999,NULL,Self,NULL,Romance,7,9,4,1,10
341,0.56,35-44,100000<,Feamle,NULL,Seperated,Mystery,8,2,3,2,7
342,0.1,25-34,NULL,Male,Full,Married,Family,10,8,9,8,10
343,0.7,45-54,NULL,Non-binary,Self,Partnered,Romance,3,5,4,2,1
344,0.38,18-24,35000-49999,Non-binary,Student,Partnered,Thriller,6,8,9,8,0
345,0.16,18-24,15000>,NULL,Part,Single,Short,10,10,9,8,5
346,0.5,18-24,74999-99999,Male,None,NULL,History,5,2,3,5,10
347,0.64,NULL,NULL,Male,Full,Seperated,Animation,9,0,4,5,0
348,0.7,55-64,50000-74999,Feamle,None,Seperated,Family,1,8,4,1,1
349,0.6,18-24,15000-34999,Non-binary,None,Seperated,Mystery,8,1,2,8,1
350,0.38,NULL,100000<,NULL,Full,Seperated,Crime,3,6,8,5,9
351,0.44,18-24,15000-34999,Other,Part,Married,Thriller,3,5,5,10,5
352,0.58,25-34,15000-34999,Non-binary,Part,Married,Family,6,2,4,4,5
353,0.72,NULL,NULL,Feamle,Self,Married,Drama,0,9,4,0,1
354,0.58,65<,35000-49999,Feamle,Full,Partnered,Thriller,1,7,5,1,7
355,0.74,55-64,35000-49999,Male,NULL,Married,Sport,2,2,2,4,3
356,0.4,35-44,15000>,Feamle,Part,Seperated,Romance,10,1,10,9,0
357,0.42,NULL,15000>,NULL,NULL,Single,Musical,6,5,7,6,5
358,0.48,NULL,100000<,Feamle,Student,Seperated,Action,9,5,2,4,6
359,0.32,25-34,100000<,Non-binary,Full,Seperated,Documentary,6,10,6,2,10
360,0.38,65<,35000-49999,Male,None,Seperated,Comedy,2,6,7,6,10
361,0.26,55-64,NULL,Non-binary,None,Single,Animation,10,10,3,4,10
362,0.54,NULL,74999-99999,Other,Full,Seperated,Fantasy,2,4,1,10,6
363,0.42,35-44,15000>,Non-binary,Part,Married,Romance,8,4,7,6,4
364,0.8,65<,35000-49999,NULL,Self,Single,Drama,3,0,0,4,3
365,0.76,65<,15000-34999,NULL,Full,NULL,Romance,3,4,5,0,0
366,0.6,35-44,NULL,Feamle,None,Married,Horror,4,0,10,3,3
367,0.3,NULL,35000-49999,Male,None,NULL,Short,8,9,8,4,6
368,0.56,45-54,74999-99999,Non-binary,None,Partnered,Crime,3,2,3,10,4
369,0.32,45-54,35000-49999,Other,Part,Seperated,Mystery,9,7,3,5,10
370,0.54,35-44,NULL,NULL,NULL,Married,Horror,3,8,3,8,1
371,0.52,65<,NULL,Feamle,Full,Married,History,2,5,4,7,6
372,0.42,25-34,35000-49999,Non-binary,Part,Married,Animation,10,1,4,4,10
373,0.56,25-34,NULL,Male,Part,Seperated,Comedy,4,6,1,1,10
374,0.58,18-24,15000-34999,Other,NULL,Single,Sci-Fi,5,4,1,7,4
375,0.46,45-54,15000>,Male,None,Seperated,Romance,10,0,3,10,4
376,0.44,35-44,35000-49999,Male,Self,Seperated,Action,7,1,10,2,8
377,0.48,45-54,74999-99999,Non-binary,Full,Married,Film-Noir,4,5,9,7,1
378,0.48,45-54,NULL,NULL,Student,NULL,Adventure,7,1,8,7,3
379,0.24,55-64,15000-34999,Male,None,NULL,Mystery,7,8,7,9,7
380,0.58,25-34,50000-74999,Feamle,Full,Married,Romance,1,7,9,4,0
381,0.32,NULL,35000-49999,Other,Self,NULL,Drama,6,3,9,9,7
382,0.5,NULL,74999-99999,NULL,Student,Single,Animation,1,6,7,5,6
383,0.74,35-44,74999-99999,Other,None,Single,Thriller,2,3,2,3,3
384,0.48,65<,100000<,Other,None,Partnered,War,6,6,4,0,10
385,0.52,65<,50000-74999,Other,None,Seperated,Music,9,0,9,2,4
386,0.4,25-34,15000-34999,Other,Self,Single,Biography,9,8,1,3,9
387,0.18,18-24,NULL,Other,None,Single,Crime,10,9,7,5,10
388,0.42,25-34,NULL,Other,Student,NULL,Film-Noir,10,5,5,1,8
389,0.48,55-64,15000>,Male,Full,Partnered,Romance,3,9,5,2,7
390,0.58,55-64,100000<,Non-binary,Full,Partnered,History,8,1,7,1,4
391,0.52,45-54,15000>,NULL,Part,Partnered,Drama,5,2,6,6,5
392,0.18,18-24,50000-74999,Non-binary,Student,NULL,History,8,10,10,4,9
393,0.66,18-24,100000<,Other,NULL,Seperated,Thriller,7,3,1,2,4
394,0.5,25-34,50000-74999,Non-binary,Student,Partnered,Romance,2,9,8,0,6
395,0.46,45-54,74999-99999,Feamle,Full,Seperated,Action,3,9,0,9,6
396,0.4,18-24,NULL,NULL,Part,NULL,War,7,6,6,5,6
397,0.66,NULL,35000-49999,NULL,NULL,Partnered,Music,3,5,8,1,0
398,0.78,18-24,35000-49999,Other,Student,NULL,Biography,6,1,0,2,2
399,0.42,NULL,74999-99999,Feamle,Student,Married,Film-Noir,5,2,9,10,3
400,0.56,18-24,50000-74999,NULL,None,Partnered,War,1,7,2,3,9
401,0.1,45-54,100000<,Feamle,Part,NULL,Drama,9,10,8,10,8
402,0.64,25-34,35000-49999,Feamle,None,Seperated,Music,2,0,10,0,6
403,0.34,55-64,15000>,Other,Self,Single,Adventure,8,7,0,10,8
404,0.26,45-54,50000-74999,Male,Part,NULL,Short,8,9,4,9,7
405,0.44,35-44,100000<,Non-binary,NULL,Single,Short,8,5,9,2,4
406,0.58,NULL,100000<,Feamle,Self,Partnered,Family,3,3,2,4,9
407,0.5,35-44,NULL,Feamle,Part,Seperated,Music,7,1,6,1,10
408,0.76,45-54,15000-34999,Other,Full,Seperated,History,0,7,1,0,4
409,0.42,65<,NULL,Non-binary,Student,Married,Short,8,4,6,5,6
410,0.38,NULL,100000<,Other,NULL,Married,Action,7,5,8,2,9
411,0.66,65<,50000-74999,Other,Self,Married,Adventure,3,7,5,1,1
412,0.56,35-44,15000>,Male,NULL,Seperated,Sport,7,10,0,3,2
413,0.62,35-44,50000-74999,Feamle,NULL,NULL,Family,10,2,0,1,6
414,0.28,NULL,15000-34999,Feamle,Full,Single,Fantasy,10,6,10,7,3
415,0.6,65<,15000>,Feamle,Student,Married,Animation,1,9,0,10,0
416,0.46,35-44,74999-99999,Other,Self,NULL,Sci-Fi,9,0,6,6,6
417,0.5,55-64,15000-34999,Feamle,Student,Seperated,News,6,2,7,0,10
418,0.66,55-64,100000<,Other,Student,Seperated,Documentary,0,1,9,3,4
419,0.44,55-64,NULL,Male,Self,NULL,Short,6,5,9,1,7
420,0.44,25-34,50000-74999,Feamle,Part,Seperated,Comedy,1,0,10,10,7
421,0.62,45-54,15000-34999,Non-binary,Full,Single,Short,6,4,5,4,0
422,0.54,45-54,15000-34999,Feamle,None,Single,Mystery,2,5,7,0,9
423,0.62,25-34,NULL,NULL,Full,Married,Sci-Fi,0,3,3,7,6
424,0.26,35-44,100000<,Other,NULL,Single,Family,6,9,5,8,9
425,0.58,18-24,74999-99999,Other,Self,NULL,War,10,1,1,7,2
426,0.36,65<,35000-49999,Non-binary,Self,NULL,Thriller,5,7,4,7,9
427,0.26,45-54,74999-99999,Other,Self,Partnered,Music,9,5,10,6,7
428,0.4,55-64,35000-49999,NULL,Part,Partnered,Adventure,8,4,7,3,8
429,0.78,55-64,NULL,Feamle,Part,Single,Horror,1,7,0,3,0
430,0.82,NULL,15000>,Other,None,Seperated,Documentary,1,1,1,3,3
431,0.32,NULL,NULL,Male,NULL,NULL,News,5,3,10,9,7
432,0.32,18-24,15000>,NULL,NULL,Married,Drama,5,7,3,10,9
433,0.4,45-54,35000-49999,Non-binary,Part,Married,Animation,0,6,8,10,6
434,0.56,65<,74999-99999,NULL,NULL,Single,Short,0,0,7,9,6
435,0.48,35-44,100000<,Feamle,Self,Partnered,Comedy,7,4,4,5,6
436,0.34,25-34,50000-74999,NULL,Full,NULL,Adventure,9,5,4,5,10
437,0.44,25-34,15000-34999,Male,Full,Seperated,Short,3,8,5,9,3
438,0.72,65<,15000>,Other,NULL,Single,Animation,4,0,6,2,2
439,0.28,18-24,15000>,NULL,None,Seperated,Short,6,10,10,5,5
440,0.52,45-54,15000-34999,NULL,Student,Seperated,Mystery,10,1,3,0,10
441,0.38,18-24,74999-99999,NULL,Student,Single,Fantasy,10,4,6,6,5
442,0.42,18-24,50000-74999,Non-binary,None,NULL,Romance,0,3,8,8,10
443,0.58,NULL,50000-74999,Other,Full,Seperated,Documentary,0,4,9,4,4
444,0.4,18-24,50000-74999,Male,Full,Partnered,Family,6,9,2,3,10
445,0.62,35-44,35000-49999,NULL,NULL,Single,Family,2,8,0,5,4
446,0.52,35-44,100000<,Male,Student,Seperated,Short,4,1,7,8,4
447,0.48,55-64,100000<,NULL,Part,NULL,Music,9,2,9,3,3
448,0.56,NULL,NULL,NULL,Self,Seperated,Musical,5,1,9,3,4
449,0.4,18-24,15000>,Other,Part,NULL,News,8,1,8,7,6
450,0.58,65<,35000-49999,Feamle,Full,NULL,Animation,5,2,7,5,2
451,0.6,25-34,15000-34999,Other,NULL,NULL,Animation,6,5,4,4,1
452,0.44,NULL,50000-74999,Male,NULL,Seperated,Sci-Fi,9,5,3,1,10
453,0.64,45-54,35000-49999,Male,None,Seperated,Sport,1,1,6,4,6
454,0.56,NULL,74999-99999,Other,None,Married,Family,8,2,3,9,0
455,0.6,65<,NULL,Other,Full,Seperated,Documentary,10,6,4,0,0
456,0.26,NULL,15000-34999,NULL,Student,Single,Drama,8,10,9,7,3
457,0.6,65<,15000>,Non-binary,Full,NULL,Crime,3,1,9,0,7
458,0.66,18-24,15000>,Feamle,Student,Married,Drama,8,0,3,2,4
459,0.52,55-64,15000>,Non-binary,NULL,Married,War,4,9,4,0,7
460,0.42,NULL,15000>,Feamle,Student,Single,News,0,10,4,9,6
461,0.6,NULL,NULL,NULL,Self,NULL,Short,8,7,0,0,5
462,0.48,25-34,100000<,Feamle,Student,NULL,Animation,3,7,4,9,3
463,0.54,35-44,100000<,NULL,Full,NULL,Horror,7,6,4,6,0
464,0.34,35-44,100000<,Feamle,Self,NULL,Sci-Fi,2,9,10,3,9
465,0.42,55-64,50000-74999,Non-binary,NULL,NULL,Thriller,8,7,3,4,7
466,0.26,55-64,15000>,Other,NULL,Seperated,Thriller,10,5,4,10,8
467,0.38,35-44,15000>,NULL,NULL,Single,News,9,10,7,4,1
468,0.4,NULL,NULL,Feamle,Part,Seperated,Fantasy,7,3,9,7,4
469,0.32,55-64,15000>,Non-binary,None,NULL,Music,0,7,10,10,7
470,0.64,25-34,15000-34999,Male,Student,Seperated,Documentary,4,3,2,0,9
471,0.56,35-44,15000>,Non-binary,NULL,Single,Documentary,1,9,1,4,7
472,0.64,35-44,100000<,Non-binary,None,Single,Sci-Fi,4,2,2,9,1
473,0.42,55-64,15000>,Non-binary,None,Partnered,Horror,5,10,4,8,2
474,0.6,55-64,35000-49999,Feamle,None,Partnered,Short,3,2,1,5,9
475,0.48,45-54,74999-99999,Other,NULL,NULL,Sport,3,10,4,6,3
476,0.44,NULL,100000<,Male,Part,Partnered,Documentary,10,7,1,6,4
477,0.28,45-54,100000<,Non-binary,Self,NULL,History,6,8,7,10,5
478,0.34,35-44,50000-74999,Other,NULL,Married,Horror,9,7,3,8,6
479,0.4,55-64,15000>,Male,Self,NULL,Adventure,10,4,10,4,2
480,0.54,45-54,50000-74999,NULL,NULL,Married,Animation,1,2,10,9,1
481,0.62,45-54,15000>,Male,None,NULL,Sport,2,4,3,6,4
482,0.6,45-54,15000>,Male,Self,NULL,Musical,1,3,6,1,9
483,0.7,55-64,100000<,NULL,Full,Married,Documentary,1,0,2,8,4
484,0.44,18-24,15000-34999,NULL,Full,Seperated,Mystery,4,6,7,10,1
485,0.18,55-64,NULL,Non-binary,Self,Married,Family,8,7,8,9,9
486,0.54,55-64,50000-74999,Feamle,NULL,Single,Horror,2,2,2,10,7
487,0.38,45-54,15000>,NULL,None,Partnered,Thriller,8,10,4,9,0
488,0.44,25-34,50000-74999,Non-binary,Student,Seperated,History,10,0,3,9,6
489,0.6,NULL,NULL,Feamle,Student,Partnered,Adventure,8,6,2,3,1
490,0.36,45-54,15000-34999,Other,None,Married,Sport,3,7,2,10,10
491,0.24,NULL,35000-49999,Male,None,Married,Animation,4,10,7,8,9
492,0.44,45-54,100000<,Non-binary,Student,Married,Thriller,2,9,5,2,10
493,0.46,NULL,NULL,Other,Part,Partnered,Horror,10,6,8,3,0
494,0.5,NULL,100000<,Other,Part,Partnered,Drama,9,5,2,8,1
495,0.48,18-24,NULL,NULL,Self,Married,Family,7,9,0,8,2
496,0.6,25-34,74999-99999,Non-binary,Self,Partnered,Drama,8,3,2,1,6
497,0.38,25-34,15000>,Feamle,Full,Seperated,Music,8,9,2,8,4
498,0.46,65<,100000<,NULL,Student,Partnered,Action,2,7,0,9,9
499,0.58,NULL,100000<,Other,NULL,Married,Music,1,8,10,2,0
500,0.62,NULL,15000>,Other,NULL,Seperated,Musical,5,6,3,1,4
501,0.54,65<,50000-74999,Feamle,Full,NULL,Drama,5,0,6,6,6
502,0.44,45-54,100000<,Other,Full,Seperated,Sci-Fi,7,7,6,0,8
503,0.62,65<,35000-49999,Other,Part,NULL,Musical,1,5,5,3,5
504,0.7,25-34,50000-74999,Non-binary,Part,NULL,History,0,1,4,6,4
505,0.56,18-24,100000<,Other,NULL,Married,Thriller,2,3,1,10,6
506,0.7,25-34,15000-34999,Non-binary,Self,NULL,Short,1,0,3,1,10
507,0.56,25-34,35000-49999,Non-binary,NULL,Married,Family,4,7,0,10,1
508,0.5,65<,15000>,NULL,Part,Seperated,Action,9,4,3,5,4
509,0.12,65<,50000-74999,Male,Part,NULL,Crime,7,9,9,10,9
510,0.46,65<,15000-34999,NULL,Student,NULL,Family,6,3,6,4,8
511,0.26,25-34,74999-99999,Non-binary,NULL,Seperated,Music,9,2,10,7,9
512,0.34,25-34,35000-49999,Feamle,Student,Single,History,8,5,8,9,3
513,0.44,NULL,15000>,Other,None,Seperated,Adventure,10,2,2,4,10
514,0.58,25-34,50000-74999,Male,Full,Single,Romance,9,0,7,3,2
515,0.52,35-44,100000<,NULL,Part,NULL,Drama,0,5,3,9,7
516,0.6,18-24,50000-74999,Non-binary,Student,Married,Documentary,5,2,3,0,10
517,0.54,25-34,74999-99999,Male,Self,Partnered,Animation,3,10,0,8,2
518,0.48,55-64,15000-34999,Feamle,Full,Seperated,History,2,9,4,3,8
519,0.56,18-24,15000>,Other,Self,Married,Family,4,1,1,7,9
520,0.42,NULL,50000-74999,Male,Self,Partnered,Music,8,0,3,9,9
521,0.74,45-54,74999-99999,NULL,Self,Seperated,Action,1,3,3,0,6
522,0.44,45-54,15000>,Feamle,None,Partnered,Music,10,0,9,3,6
523,0.82,55-64,NULL,Male,Student,Seperated,Crime,2,2,4,0,1
524,0.52,45-54,35000-49999,Other,Part,Single,Comedy,10,5,2,1,6
525,0.4,18-24,35000-49999,Non-binary,NULL,Married,War,6,9,6,6,3
526,0.16,18-24,74999-99999,Male,NULL,Seperated,Sport,10,6,10,6,10
527,0.36,35-44,15000-34999,Other,Full,Seperated,Adventure,6,6,10,2,8
528,0.54,18-24,50000-74999,Feamle,Student,Partnered,Short,7,4,8,1,3
529,0.22,NULL,50000-74999,Other,Part,Partnered,Fantasy,8,10,3,10,8
530,0.5,25-34,35000-49999,NULL,Student,NULL,Music,9,2,3,1,10
531,0.6,45-54,100000<,Feamle,Student,Married,News,6,0,1,4,9
532,0.46,35-44,15000>,NULL,Self,Seperated,Documentary,6,7,6,3,5
533,0.46,NULL,100000<,Feamle,Part,Seperated,Documentary,5,7,7,1,7
534,0.4,65<,50000-74999,Male,NULL,Single,Music,7,10,3,2,8
535,0.5,NULL,100000<,Other,Student,NULL,Horror,2,9,0,9,5
536,0.88,35-44,15000>,Feamle,NULL,Married,Short,0,1,2,3,0
537,0.3,45-54,15000>,Feamle,None,Married,Crime,7,7,9,4,8
538,0.5,65<,15000-34999,NULL,Full,Seperated,Music,10,4,8,1,2
539,0.58,45-54,35000-49999,NULL,None,Married,Action,4,0,5,4,8
540,0.86,65<,74999-99999,NULL,Self,NULL,Documentary,1,0,3,0,3
541,0.52,35-44,35000-49999,NULL,Part,Married,Comedy,1,8,2,5,8
542,0.44,35-44,100000<,Feamle,Self,Seperated,Biography,8,1,8,3,8
543,0.68,45-54,15000-34999,Feamle,Full,Married,Sci-Fi,4,1,7,2,2
544,0.46,25-34,100000<,Non-binary,Part,NULL,News,4,0,8,6,9
545,0.24,55-64,74999-99999,Other,Student,Single,Mystery,7,7,10,6,8
546,0.48,65<,15000>,Male,None,Partnered,History,7,5,4,6,4
547,0.5,18-24,NULL,Feamle,Part,Seperated,Sci-Fi,3,8,7,7,0
548,0.62,45-54,35000-49999,NULL,Part,Married,Family,9,0,1,4,5
549,0.64,35-44,15000-34999,Non-binary,Full,Seperated,Animation,2,9,2,3,2
550,0.62,45-54,15000>,NULL,Self,Seperated,Thriller,0,3,10,2,4
551,0.62,65<,50000-74999,Other,Full,NULL,Music,10,0,4,4,1
552,0.56,25-34,35000-49999,Non-binary,None,Seperated,Family,8,7,0,3,4
553,0.52,25-34,15000>,NULL,None,Married,Drama,4,0,3,8,9
554,0.32,65<,50000-74999,Male,Student,Single,Family,0,10,9,10,5
555,0.36,NULL,74999-99999,Male,Part,Seperated,Action,9,5,5,7,6
556,0.34,25-34,74999-99999,Other,Part,Single,Music,10,0,10,10,3
557,0.54,35-44,15000>,Feamle,Self,Partnered,Drama,7,10,4,2,0
558,0.4,45-54,15000-34999,Feamle,None,Married,Animation,9,7,4,2,8
559,0.44,65<,74999-99999,Feamle,Student,Partnered,Short,10,6,3,5,4
560,0.44,NULL,74999-99999,Feamle,Part,Seperated,Music,4,4,5,5,10
561,0.54,65<,35000-49999,Feamle,Self,NULL,Adventure,8,4,4,7,0
562,0.34,35-44,74999-99999,Male,Full,Single,Film-Noir,2,10,9,10,2
563,0.54,35-44,15000>,Male,None,Married,Family,1,4,7,4,7
564,0.5,18-24,74999-99999,NULL,Student,NULL,Action,6,5,5,4,5
565,0.46,25-34,NULL,NULL,NULL,Seperated,Mystery,4,2,6,9,6
566,0.52,NULL,50000-74999,Male,Student,NULL,Sci-Fi,4,2,8,1,9
567,0.36,55-64,15000>,NULL,NULL,Married,Crime,1,8,8,7,8
568,0.18,NULL,15000>,Male,Student,Married,Action,4,10,10,8,9
569,0.5,18-24,100000<,Male,Full,NULL,Romance,4,3,7,3,8
570,0.52,55-64,15000>,NULL,Part,Single,Film-Noir,7,6,1,8,2
571,0.4,NULL,50000-74999,Other,Self,NULL,Comedy,6,7,5,5,7
572,0.18,18-24,100000<,Non-binary,Self,Single,Musical,9,6,10,9,7
573,0.62,35-44,15000>,Male,NULL,NULL,Animation,7,1,1,2,8
574,0.54,NULL,74999-99999,Other,Full,Partnered,History,7,4,2,9,1
575,0.52,65<,15000>,Feamle,Full,NULL,Horror,6,1,8,4,5
576,0.68,65<,74999-99999,Non-binary,Student,NULL,War,0,2,1,9,4
577,0.64,25-34,50000-74999,NULL,Self,Partnered,Family,1,1,7,9,0
578,0.6,35-44,50000-74999,Non-binary,Student,Seperated,News,0,8,4,1,7
579,0.48,35-44,15000-34999,NULL,Student,NULL,Biography,3,7,4,3,9
580,0.36,35-44,15000>,NULL,Full,Partnered,Adventure,6,7,9,10,0
581,0.54,25-34,15000>,Feamle,Student,Single,Sci-Fi,5,7,6,3,2
582,0.64,25-34,15000-34999,Non-binary,Full,NULL,Sport,0,4,7,1,6
583,0.64,65<,50000-74999,Other,Full,Married,Comedy,1,1,5,5,6
584,0.58,35-44,35000-49999,Feamle,Part,Seperated,Short,4,0,5,3,9
585,0.4,55-64,15000>,Other,None,NULL,News,6,9,4,3,8
586,0.62,25-34,74999-99999,Feamle,Full,Single,Romance,4,4,3,5,3
587,0.62,25-34,50000-74999,Male,Student,Married,Short,0,5,1,8,5
588,0.7,35-44,74999-99999,Other,Student,Single,Biography,3,6,0,1,5
589,0.44,45-54,100000<,Other,Self,Seperated,Documentary,7,6,6,5,4
590,0.4,65<,NULL,Non-binary,Self,NULL,Horror,5,9,0,6,10
591,0.44,35-44,100000<,NULL,Part,NULL,Musical,5,9,6,7,1
592,0.7,25-34,100000<,Non-binary,Self,Single,Sport,3,3,0,5,4
593,0.6,55-64,NULL,Non-binary,Self,Single,Documentary,1,9,9,0,1
594,0.8,45-54,NULL,NULL,Student,Seperated,Horror,1,2,1,5,1
595,0.58,25-34,15000-34999,Non-binary,Part,Partnered,Biography,4,6,4,2,5
596,0.4,65<,100000<,NULL,NULL,Seperated,Animation,8,1,6,9,6
597,0.64,35-44,15000>,Non-binary,Student,Partnered,Mystery,7,2,0,4,5
598,0.48,25-34,15000>,Feamle,None,Partnered,News,5,2,6,5,8
599,0.44,25-34,50000-74999,Male,Student,NULL,Fantasy,5,3,9,3,8
600,0.36,18-24,74999-99999,Male,Part,Seperated,Adventure,5,6,10,6,5
601,0.48,65<,35000-49999,Non-binary,None,Married,Biography,0,3,6,10,7
602,0.64,35-44,50000-74999,NULL,None,Single,Mystery,4,3,2,5,4
603,0.34,25-34,35000-49999,Other,Self,NULL,Crime,5,5,9,8,6
604,0.4,25-34,74999-99999,Non-binary,Part,Seperated,Thriller,8,5,8,3,6
605,0.64,NULL,15000-34999,Male,None,Partnered,Fantasy,7,1,1,5,4
606,0.38,18-24,50000-74999,NULL,None,Single,Family,9,7,7,8,0
607,0.54,55-64,35000-49999,NULL,None,NULL,Short,9,8,1,2,3
608,0.4,55-64,15000-34999,Male,NULL,Partnered,Family,3,2,9,10,6
609,0.42,45-54,15000-34999,NULL,Self,Married,Sport,9,6,3,6,5
610,0.3,NULL,35000-49999,Other,Part,Seperated,Documentary,9,0,8,9,9
611,0.28,35-44,50000-74999,Non-binary,NULL,Partnered,Horror,9,5,9,8,5
612,0.62,25-34,50000-74999,NULL,Student,NULL,War,8,5,2,2,2
613,0.46,45-54,100000<,Non-binary,Student,Partnered,Biography,10,1,8,6,2
614,0.52,55-64,35000-49999,Other,Student,NULL,Biography,7,6,4,5,2
615,0.2,45-54,100000<,Other,Full,NULL,Crime,8,6,10,6,10
616,0.48,45-54,NULL,Feamle,Part,NULL,Fantasy,10,9,6,1,0
617,0.44,45-54,100000<,Male,Self,Single,Documentary,0,9,6,10,3
618,0.32,NULL,74999-99999,Feamle,Student,Seperated,Thriller,9,6,10,9,0
619,0.38,18-24,100000<,Feamle,Full,Married,Family,7,7,7,5,5
620,0.24,55-64,50000-74999,Non-binary,Full,Single,Romance,5,10,7,8,8
621,0.5,NULL,15000>,Other,NULL,NULL,Adventure,5,5,7,5,3
622,0.2,18-24,15000>,Other,None,NULL,Drama,7,9,5,10,9
623,0.5,NULL,50000-74999,Other,Student,Single,Sci-Fi,7,9,6,2,1
624,0.62,65<,100000<,Non-binary,None,Single,Family,6,4,1,8,0
625,0.54,55-64,100000<,Feamle,NULL,Partnered,Thriller,5,1,3,10,4
626,0.48,35-44,100000<,Non-binary,Student,NULL,Drama,6,6,8,2,4
627,0.5,25-34,15000-34999,Male,None,Single,Drama,1,6,6,8,4
628,0.52,NULL,74999-99999,Male,NULL,NULL,Short,4,9,1,5,5
629,0.44,18-24,35000-49999,Non-binary,Full,Partnered,Sci-Fi,6,10,2,7,3
630,0.48,45-54,15000>,Feamle,NULL,Seperated,Adventure,5,3,10,4,4
631,0.48,65<,50000-74999,Male,NULL,Partnered,Sport,8,0,10,1,7
632,0.42,65<,NULL,Non-binary,Self,Married,Fantasy,6,10,4,2,7
633,0.42,25-34,100000<,NULL,Student,Single,Musical,5,6,4,9,5
634,0.44,25-34,35000-49999,Non-binary,Self,Single,Sport,6,8,1,10,3
635,0.54,NULL,NULL,NULL,Self,NULL,Musical,7,1,2,6,7
636,0.44,NULL,15000>,Male,Self,Single,Comedy,8,5,5,7,3
637,0.6,55-64,74999-99999,Male,Full,Single,Family,4,1,0,6,9
638,0.2,45-54,74999-99999,Non-binary,None,Seperated,War,9,8,10,8,5
639,0.48,NULL,15000>,Non-binary,Full,Married,War,4,10,3,1,8
640,0.34,55-64,15000>,NULL,NULL,Married,Documentary,8,4,9,7,5
641,0.38,25-34,74999-99999,Feamle,Part,Married,Adventure,8,8,4,9,2
642,0.44,65<,NULL,Non-binary,None,NULL,Animation,6,2,5,7,8
643,0.52,45-54,15000>,Other,Part,NULL,Mystery,4,3,1,6,10
644,0.56,55-64,74999-99999,Feamle,Full,Married,Comedy,0,5,1,8,8
645,0.36,NULL,74999-99999,Other,Part,Seperated,Mystery,4,9,3,9,7
646,0.38,45-54,15000-34999,Other,Student,Single,Mystery,10,4,1,8,8
647,0.46,45-54,74999-99999,Feamle,Self,Seperated,Short,5,9,4,1,8
648,0.32,35-44,50000-74999,Other,Self,Partnered,Drama,1,10,10,7,6
649,0.32,45-54,50000-74999,NULL,Part,NULL,Mystery,6,5,10,8,5
650,0.64,45-54,74999-99999,Non-binary,Student,NULL,Fantasy,0,2,7,4,5
651,0.38,45-54,15000-34999,Feamle,Part,Partnered,Documentary,9,7,5,5,5
652,0.72,55-64,74999-99999,Other,NULL,Seperated,News,9,1,2,2,0
653,0.38,25-34,74999-99999,Other,Full,Seperated,Fantasy,5,8,10,0,8
654,0.6,NULL,74999-99999,Male,Full,NULL,Film-Noir,0,6,6,3,5
655,0.32,65<,35000-49999,Non-binary,Full,Partnered,Documentary,6,9,7,2,10
656,0.44,65<,100000<,Male,Part,Partnered,Sport,10,6,4,7,1
657,0.24,35-44,74999-99999,NULL,Part,Partnered,Action,10,9,4,9,6
658,0.38,25-34,50000-74999,Other,None,Seperated,Sci-Fi,6,10,3,8,4
659,0.4,65<,15000-34999,Other,NULL,Seperated,Music,0,8,4,10,8
660,0.68,NULL,15000-34999,Non-binary,NULL,Seperated,Animation,9,5,1,1,0
661,0.54,18-24,35000-49999,Other,Student,Partnered,Fantasy,0,10,5,3,5
662,0.38,18-24,100000<,Non-binary,Part,NULL,Documentary,1,7,4,9,10
663,0.52,45-54,NULL,Feamle,NULL,Partnered,Drama,6,9,2,7,0
664,0.4,25-34,35000-49999,Male,Full,NULL,Sport,8,3,4,9,6
665,0.62,55-64,35000-49999,Non-binary,Full,Partnered,Music,4,4,4,0,7
666,0.38,NULL,15000>,Male,Self,Single,Romance,3,5,5,8,10
667,0.56,65<,35000-49999,Feamle,Student,Partnered,Romance,2,6,6,1,7
668,0.5,45-54,50000-74999,Feamle,NULL,Married,Documentary,1,7,3,7,7
669,0.28,18-24,74999-99999,NULL,NULL,NULL,Fantasy,10,0,9,10,7
670,0.48,NULL,15000>,Other,Student,Single,Mystery,4,8,2,2,10
671,0.7,25-34,15000>,NULL,Student,Partnered,Drama,0,6,0,5,4
672,0.7,35-44,NULL,Other,NULL,NULL,Short,7,1,1,1,5
673,0.52,18-24,15000>,Feamle,None,NULL,History,1,4,5,6,8
674,0.42,55-64,15000>,NULL,Full,Married,Romance,4,4,10,7,4
675,0.7,45-54,100000<,Male,Self,Partnered,Family,0,0,8,0,7
676,0.66,18-24,100000<,Feamle,NULL,Partnered,News,1,2,4,9,1
677,0.8,65<,15000>,Male,Part,Partnered,Sport,3,0,2,5,0
678,0.6,18-24,15000-34999,NULL,Part,NULL,Crime,5,8,0,4,3
679,0.58,NULL,100000<,NULL,Full,Seperated,Mystery,6,5,1,4,5
680,0.66,65<,74999-99999,Feamle,Student,NULL,Horror,5,8,4,0,0
681,0.6,65<,100000<,Male,Self,Seperated,Romance,9,5,6,0,0
682,0.76,65<,50000-74999,Feamle,Part,Seperated,Romance,2,7,0,2,1
683,0.6,18-24,15000>,Other,Part,Married,Action,3,1,5,5,6
684,0.64,65<,74999-99999,Other,NULL,NULL,Film-Noir,7,2,8,0,1
685,0.62,25-34,15000>,NULL,Full,Single,Thriller,6,2,4,4,3
686,0.56,55-64,NULL,Non-binary,Part,Seperated,Documentary,1,1,6,7,7
687,0.62,55-64,35000-49999,NULL,Self,Seperated,Romance,2,5,2,5,5
688,0.38,18-24,NULL,Non-binary,Part,NULL,War,7,9,9,4,2
689,0.54,55-64,74999-99999,Male,NULL,Seperated,Mystery,5,8,6,3,1
690,0.68,45-54,100000<,Male,Self,Partnered,Action,1,0,10,3,2
691,0.6,25-34,74999-99999,Male,Student,Seperated,Short,4,1,2,7,6
692,0.66,NULL,50000-74999,NULL,NULL,Single,History,1,2,4,4,6
693,0.44,55-64,74999-99999,Other,NULL,Seperated,Crime,6,8,6,3,5
694,0.22,45-54,15000-34999,Feamle,Student,Single,Romance,10,4,7,9,9
695,0.32,65<,50000-74999,Feamle,NULL,NULL,Adventure,6,5,5,8,10
696,0.24,25-34,100000<,NULL,Full,Seperated,Horror,4,10,10,5,9
697,0.62,35-44,35000-49999,Feamle,Part,NULL,Sci-Fi,3,6,4,3,3
698,0.48,25-34,74999-99999,Male,Part,Partnered,History,7,3,2,6,8
699,0.62,18-24,NULL,Non-binary,Full,NULL,Documentary,9,3,5,0,2
700,0.36,65<,50000-74999,Non-binary,NULL,NULL,Fantasy,3,3,9,9,8
701,0.54,NULL,100000<,Other,Self,NULL,Music,1,9,3,2,8
702,0.32,25-34,NULL,Other,Self,Partnered,Adventure,10,1,9,9,5
703,0.42,25-34,NULL,NULL,Full,Seperated,History,7,7,0,5,10
704,0.5,65<,74999-99999,NULL,Part,NULL,Musical,2,0,4,9,10
705,0.2,45-54,35000-49999,Non-binary,Self,Partnered,Drama,4,10,7,9,10
706,0.38,55-64,35000-49999,Feamle,Student,Married,Crime,4,9,8,5,5
707,0.38,35-44,100000<,Male,Full,Married,Mystery,8,7,1,6,9
708,0.3,NULL,100000<,Feamle,NULL,Single,Short,7,6,6,9,7
709,0.62,18-24,50000-74999,Non-binary,Student,Married,Musical,5,4,6,4,0
710,0.56,45-54,35000-49999,NULL,Full,Seperated,Sci-Fi,7,6,0,7,2
711,0.36,18-24,15000-34999,Other,None,Single,Action,5,10,5,2,10
712,0.34,25-34,15000-34999,Other,Part,Married,Horror,6,5,9,5,8
713,0.52,55-64,74999-99999,NULL,NULL,NULL,Sci-Fi,6,6,7,4,1
714,0.64,55-64,100000<,Non-binary,None,Seperated,Biography,3,7,5,2,1
715,0.4,45-54,15000-34999,NULL,NULL,Partnered,Romance,4,7,7,6,6
716,0.62,NULL,NULL,Other,Student,Single,Family,0,1,6,4,8
717,0.8,35-44,50000-74999,Male,Self,Seperated,Crime,0,0,1,3,6
718,0.62,65<,NULL,Other,Self,Partnered,Biography,3,2,7,4,3
719,0.54,65<,15000-34999,Feamle,Student,Seperated,Sport,2,9,3,7,2
720,0.32,45-54,35000-49999,Feamle,None,Partnered,News,3,10,6,7,8
721,0.46,25-34,15000-34999,NULL,Full,Seperated,Romance,4,7,1,10,5
722,0.54,25-34,50000-74999,NULL,Part,Seperated,Sport,1,9,7,4,2
723,0.32,NULL,15000-34999,Non-binary,None,Partnered,War,9,0,7,9,9
724,0.4,18-24,35000-49999,NULL,Student,NULL,Documentary,8,10,6,1,5
725,0.62,18-24,35000-49999,NULL,Student,Partnered,News,3,3,8,4,1
726,0.8,65<,15000>,Feamle,Part,Married,Action,1,0,7,1,1
727,0.72,65<,35000-49999,Feamle,NULL,Seperated,Short,4,2,3,2,3
728,0.36,45-54,NULL,Non-binary,Full,Married,Family,8,6,7,6,5
729,0.46,55-64,15000-34999,Feamle,Student,Single,Short,5,4,7,1,10
730,0.24,45-54,74999-99999,Non-binary,Part,Partnered,Music,7,6,10,10,5
731,0.38,35-44,15000>,Feamle,Student,Partnered,History,0,8,10,10,3
732,0.3,45-54,15000-34999,Male,NULL,Single,Music,3,9,5,8,10
733,0.5,35-44,100000<,Other,Part,Single,Short,7,1,4,3,10
734,0.14,65<,100000<,NULL,None,Partnered,Comedy,6,10,9,10,8
735,0.44,45-54,15000>,Non-binary,NULL,Single,Crime,9,0,8,2,9
736,0.18,65<,NULL,Non-binary,Part,NULL,Comedy,7,4,10,10,10
737,0.46,25-34,74999-99999,Other,NULL,Married,History,7,10,9,1,0
738,0.52,25-34,15000-34999,Other,Part,Single,Mystery,9,1,7,1,6
739,0.52,18-24,50000-74999,Feamle,Student,Partnered,War,9,2,5,1,7
740,0.58,18-24,74999-99999,NULL,NULL,Single,Mystery,5,3,1,3,9
741,0.34,18-24,NULL,Feamle,None,Seperated,Action,5,3,8,8,9
742,0.44,NULL,15000>,NULL,Self,Seperated,Mystery,10,7,3,8,0
743,0.28,18-24,50000-74999,NULL,Part,Married,Animation,4,8,9,9,6
744,0.34,35-44,100000<,NULL,None,Single,Adventure,9,10,9,1,4
745,0.62,25-34,35000-49999,Feamle,Part,NULL,Animation,5,0,1,3,10
746,0.42,65<,NULL,NULL,None,Married,Sport,3,5,6,6,9
747,0.54,NULL,50000-74999,Male,NULL,NULL,Music,1,4,6,5,7
748,0.44,25-34,NULL,Male,None,NULL,News,4,2,8,10,4
749,0.6,NULL,50000-74999,Other,Part,Seperated,Short,1,6,7,2,4
750,0.76,35-44,74999-99999,Other,Part,Partnered,Horror,6,0,1,4,1
751,0.44,18-24,15000>,Feamle,Full,NULL,Music,7,3,5,7,6
752,0.48,NULL,50000-74999,Feamle,None,Married,Sci-Fi,8,4,3,5,6
753,0.32,35-44,NULL,Feamle,Part,NULL,Film-Noir,2,10,6,6,10
754,0.48,55-64,15000>,Other,Full,Partnered,Horror,1,6,2,9,8
755,0.28,45-54,15000>,Non-binary,NULL,NULL,Sport,7,10,6,10,3
756,0.36,55-64,100000<,Male,Part,Married,Adventure,2,3,10,8,9
757,0.46,45-54,74999-99999,Feamle,NULL,Partnered,Horror,8,9,3,1,6
758,0.68,18-24,50000-74999,Male,Self,NULL,Thriller,6,0,6,4,0
759,0.54,25-34,NULL,Male,Self,Partnered,War,1,3,8,5,6
760,0.28,NULL,15000-34999,Other,Part,Single,News,2,9,10,7,8
761,0.8,35-44,NULL,NULL,Self,NULL,Animation,9,0,0,1,0
762,0.34,35-44,50000-74999,Non-binary,Student,Partnered,Action,5,10,0,8,10
763,0.32,18-24,74999-99999,Other,Full,NULL,Music,10,3,5,8,8
764,0.54,45-54,15000>,Non-binary,Part,Married,Action,3,8,5,7,0
765,0.58,NULL,15000-34999,Feamle,Self,Seperated,Drama,2,7,10,0,2
766,0.56,18-24,15000-34999,NULL,NULL,Seperated,History,5,7,1,5,4
767,0.58,35-44,74999-99999,Male,Student,Seperated,Drama,4,7,8,2,0
768,0.56,NULL,74999-99999,Feamle,Self,Partnered,Documentary,5,4,1,9,3
769,0.6,35-44,74999-99999,Male,Student,Partnered,Animation,3,3,4,7,3
770,0.6,65<,35000-49999,Non-binary,None,NULL,Crime,3,0,1,10,6
771,0.32,25-34,NULL,NULL,NULL,NULL,Family,4,10,7,9,4
772,0.82,55-64,15000>,NULL,Part,NULL,Horror,4,2,0,2,1
773,0.68,35-44,15000>,NULL,Self,Partnered,Biography,1,4,2,8,1
774,0.58,25-34,100000<,Male,Self,Single,Comedy,5,8,1,5,2
775,0.42,25-34,100000<,Feamle,Student,Single,Sport,10,5,2,9,3
776,0.82,18-24,35000-49999,NULL,Full,Seperated,War,0,3,0,6,0
777,0.74,25-34,15000>,Non-binary,Self,Seperated,Fantasy,4,2,0,2,5
778,0.42,65<,35000-49999,Other,Full,Partnered,Crime,7,8,3,9,2
779,0.58,55-64,15000-34999,Feamle,Self,Married,History,9,1,0,10,1
780,0.62,55-64,100000<,Feamle,Part,Partnered,Animation,8,1,0,6,4
781,0.42,55-64,50000-74999,NULL,Student,Single,Biography,8,10,0,7,4
782,0.38,55-64,50000-74999,Male,NULL,NULL,Adventure,4,5,9,8,5
783,0.48,25-34,50000-74999,Other,Self,Seperated,Drama,5,6,3,6,6
784,0.62,NULL,NULL,Non-binary,Student,Married,Crime,1,0,4,10,4
785,0.26,45-54,NULL,Feamle,None,Seperated,Adventure,8,10,5,6,8
786,0.46,35-44,74999-99999,NULL,NULL,Single,Family,9,6,7,1,4
787,0.24,65<,50000-74999,Non-binary,Student,Single,Sci-Fi,9,2,10,10,7
788,0.38,65<,100000<,Male,NULL,Seperated,History,8,7,6,6,4
789,0.66,25-34,74999-99999,NULL,Part,Partnered,Film-Noir,1,1,10,1,4
790,0.46,45-54,15000>,Other,None,Partnered,Adventure,0,4,7,6,10
791,0.54,65<,15000-34999,Non-binary,Student,Single,Crime,4,7,0,7,5
792,0.5,25-34,74999-99999,Other,Student,Married,Musical,2,4,10,9,0
793,0.26,25-34,15000-34999,Male,Full,NULL,Biography,9,9,4,9,6
794,0.7,18-24,15000-34999,Other,NULL,Single,Film-Noir,0,8,2,1,4
795,0.42,25-34,35000-49999,NULL,None,Married,War,4,8,10,1,6
796,0.52,45-54,NULL,Non-binary,Student,Single,Mystery,5,7,4,0,8
797,0.5,25-34,74999-99999,Non-binary,NULL,Partnered,Biography,4,5,7,7,2
798,0.52,35-44,100000<,Non-binary,NULL,Married,Documentary,1,6,5,9,3
799,0.54,18-24,74999-99999,Non-binary,Full,Married,Film-Noir,2,0,6,5,10
800,0.64,55-64,15000-34999,Non-binary,NULL,Single,Drama,0,1,8,6,3
801,0.52,45-54,35000-49999,NULL,NULL,Married,Sci-Fi,4,9,2,5,4
802,0.48,NULL,74999-99999,Male,Student,Married,Mystery,2,8,4,8,4
803,0.4,NULL,100000<,Non-binary,Self,Seperated,Thriller,1,9,8,2,10
804,0.4,NULL,NULL,Non-binary,Full,Married,Animation,1,8,10,8,3
805,0.56,35-44,15000-34999,NULL,NULL,Single,Musical,4,4,8,3,3
806,0.4,65<,100000<,NULL,Full,NULL,War,3,7,3,7,10
807,0.76,65<,100000<,Feamle,Part,Married,Drama,1,4,0,5,2
808,0.28,55-64,15000>,NULL,NULL,NULL,Film-Noir,9,10,1,9,7
809,0.56,18-24,35000-49999,Other,None,NULL,Family,10,1,3,7,1
810,0.46,35-44,15000>,Male,NULL,Single,Drama,4,6,10,6,1
811,0.5,18-24,50000-74999,Feamle,None,Partnered,Drama,9,9,2,0,5
812,0.6,55-64,100000<,NULL,NULL,NULL,Action,3,5,8,3,1
813,0.5,65<,15000>,Other,None,Single,History,6,4,8,2,5
814,0.38,NULL,15000-34999,Male,Student,Seperated,Family,7,7,10,2,5
815,0.3,55-64,15000-34999,Feamle,NULL,Partnered,Short,9,9,6,6,5
816,0.36,45-54,35000-49999,Other,Part,NULL,Romance,4,5,10,5,8
817,0.3,25-34,74999-99999,NULL,Part,Seperated,Crime,8,10,8,1,8
818,0.76,NULL,100000<,Male,NULL,Partnered,Drama,2,4,0,0,6
819,0.5,45-54,15000>,Non-binary,Self,Seperated,Fantasy,3,8,3,2,9
820,0.4,45-54,50000-74999,Male,Self,Single,Drama,10,10,8,1,1
821,0.48,55-64,50000-74999,Non-binary,Self,Seperated,War,9,4,4,7,2
822,0.48,65<,35000-49999,Non-binary,Student,Married,Sci-Fi,0,9,8,8,1
823,0.44,25-34,15000>,Feamle,NULL,NULL,Animation,7,6,7,7,1
824,0.58,35-44,NULL,NULL,Full,Partnered,Horror,3,3,9,5,1
825,0.38,18-24,100000<,NULL,Self,Partnered,Crime,6,8,10,2,5
826,0.5,35-44,15000>,Male,Part,Married,Horror,4,4,4,10,3
827,0.64,NULL,15000>,Other,NULL,Seperated,Sci-Fi,8,7,0,0,3
828,0.58,NULL,74999-99999,Other,Part,Married,Drama,2,2,3,4,10
829,0.5,NULL,15000-34999,NULL,NULL,Married,History,6,9,8,0,2
830,0.46,35-44,35000-49999,Other,NULL,Married,Biography,3,6,8,6,4
831,0.52,65<,15000>,Other,Student,Partnered,Animation,6,6,5,7,0
832,0.52,55-64,100000<,Male,NULL,Single,Film-Noir,4,9,6,2,3
833,0.44,25-34,50000-74999,Other,NULL,Partnered,News,1,3,8,6,10
834,0.58,18-24,35000-49999,NULL,Part,NULL,Fantasy,0,4,1,7,9
835,0.28,25-34,50000-74999,Other,Self,Seperated,War,10,8,6,5,7
836,0.38,55-64,35000-49999,Other,None,NULL,Crime,8,3,8,2,10
837,0.54,NULL,35000-49999,Male,Full,Seperated,Drama,0,7,10,1,5
838,0.38,45-54,50000-74999,Male,Self,Seperated,History,9,8,0,7,7
839,0.54,18-24,74999-99999,Feamle,None,Single,Documentary,8,5,0,7,3
840,0.6,NULL,50000-74999,NULL,None,Seperated,Documentary,3,4,6,3,4
841,0.52,18-24,74999-99999,Male,None,Single,Family,3,3,10,7,1
842,0.44,45-54,15000>,Non-binary,Self,NULL,Biography,4,8,7,5,4
843,0.4,45-54,74999-99999,Non-binary,Part,Seperated,Biography,5,0,7,8,10
844,0.66,NULL,35000-49999,Non-binary,Self,Married,Crime,2,9,3,2,1
845,0.38,25-34,15000-34999,Feamle,Full,Partnered,Sport,7,7,4,9,4
846,0.28,18-24,35000-49999,NULL,Full,Seperated,Musical,6,2,10,9,9
847,0.54,18-24,50000-74999,Male,Part,Seperated,Documentary,0,4,7,8,4
848,0.86,65<,74999-99999,Other,Student,Married,Short,0,1,3,1,2
849,0.52,35-44,15000>,Male,Self,Single,Crime,0,9,4,2,9
850,0.5,25-34,100000<,Feamle,None,Married,Music,6,7,3,5,4
851,0.76,25-34,15000>,Male,Student,Seperated,Romance,1,3,0,6,2
852,0.1,25-34,100000<,Feamle,NULL,Married,Musical,10,8,9,10,8
853,0.54,55-64,35000-49999,NULL,Self,NULL,Animation,7,1,5,1,9
854,0.78,45-54,50000-74999,Other,NULL,Single,Drama,0,2,1,3,5
855,0.66,65<,35000-49999,Other,Part,Married,Sci-Fi,0,2,8,0,7
856,0.72,NULL,15000>,Male,Student,Single,Comedy,1,0,2,10,1
857,0.58,18-24,NULL,Non-binary,None,Single,Drama,6,10,1,2,2
858,0.48,25-34,NULL,Feamle,Part,Married,Fantasy,6,3,9,8,0
859,0.6,55-64,50000-74999,Male,Self,Partnered,Documentary,3,8,5,4,0
860,0.24,55-64,50000-74999,Male,Full,Partnered,Comedy,1,10,10,10,7
861,0.2,18-24,74999-99999,Other,Full,Partnered,Drama,9,5,10,8,8
862,0.52,65<,100000<,Male,Self,NULL,Musical,3,7,2,6,6
863,0.56,NULL,35000-49999,Male,Part,Single,Action,5,2,2,4,9
864,0.76,25-34,50000-74999,Other,NULL,Partnered,Music,4,1,3,1,3
865,0.8,65<,100000<,Other,Part,Partnered,Action,5,0,2,3,0
866,0.34,35-44,50000-74999,Feamle,Full,Married,Adventure,10,7,3,6,7
867,0.38,18-24,35000-49999,Feamle,Part,NULL,Animation,10,5,6,10,0
868,0.62,65<,74999-99999,Male,NULL,Married,Horror,0,4,1,5,9
869,0.34,45-54,100000<,Other,Self,Single,Romance,6,9,3,7,8
870,0.52,65<,50000-74999,Male,Student,Married,Mystery,8,0,2,6,8
871,0.5,45-54,74999-99999,NULL,Student,NULL,Musical,1,2,9,9,4
872,0.32,18-24,35000-49999,Other,NULL,Partnered,Thriller,7,6,10,6,5
873,0.5,35-44,35000-49999,Non-binary,Student,Single,Film-Noir,7,1,8,5,4
874,0.26,55-64,NULL,Feamle,None,Married,Family,9,9,8,7,4
875,0.4,65<,35000-49999,NULL,Self,Married,Drama,9,7,3,2,9
876,0.48,NULL,15000>,Other,Self,Married,Romance,6,9,8,0,3
877,0.18,25-34,74999-99999,Other,Self,Partnered,Horror,10,7,8,8,8
878,0.48,25-34,15000>,Other,Self,NULL,Music,8,0,8,1,9
879,0.4,18-24,35000-49999,NULL,Full,NULL,Biography,5,5,4,9,7
880,0.58,65<,NULL,Other,NULL,Seperated,Thriller,1,6,3,8,3
881,0.74,NULL,50000-74999,Feamle,None,Seperated,War,9,1,0,1,2
882,0.36,NULL,35000-49999,Other,NULL,Married,Comedy,1,5,10,9,7
883,0.42,NULL,15000-34999,NULL,Part,NULL,Horror,4,2,6,10,7
884,0.64,55-64,35000-49999,NULL,None,Partnered,Fantasy,0,5,8,4,1
885,0.64,25-34,35000-49999,Male,NULL,Partnered,Family,2,0,4,2,10
886,0.66,NULL,15000-34999,NULL,None,NULL,Sport,2,1,10,1,3
887,0.36,35-44,15000-34999,Other,Part,Seperated,Horror,2,9,9,6,6
888,0.66,65<,100000<,Feamle,Self,NULL,Adventure,5,3,4,5,0
889,0.4,25-34,NULL,Feamle,Self,NULL,War,8,3,7,6,6
890,0.34,25-34,15000>,Other,None,NULL,Short,9,7,6,7,4
891,0.52,45-54,15000-34999,Other,Part,Single,Family,6,3,9,4,2
892,0.66,25-34,50000-74999,Non-binary,NULL,Partnered,Sport,1,8,2,5,1
893,0.7,25-34,50000-74999,NULL,Self,Seperated,Short,1,7,6,1,0
894,0.54,55-64,50000-74999,Feamle,Full,Single,War,5,9,6,2,1
895,0.56,18-24,50000-74999,NULL,None,NULL,Comedy,3,5,5,1,8
896,0.36,18-24,NULL,Male,NULL,Partnered,Music,10,4,7,4,7
897,0.52,18-24,15000-34999,Feamle,None,Partnered,Adventure,8,8,7,1,0
898,0.42,NULL,74999-99999,Male,None,Single,Sci-Fi,8,4,2,5,10
899,0.46,25-34,50000-74999,Other,NULL,Single,Adventure,1,6,7,7,6
900,0.48,45-54,15000>,Non-binary,None,Married,Sport,0,7,4,6,9
901,0.48,NULL,100000<,Non-binary,Full,NULL,Short,0,0,10,6,10
902,0.66,65<,35000-49999,Male,Full,Seperated,Crime,2,8,0,1,6
903,0.3,25-34,35000-49999,Non-binary,Self,Single,Family,5,7,10,4,9
904,0.6,45-54,15000>,Other,Student,Seperated,News,3,6,0,5,6
905,0.74,45-54,74999-99999,Male,Student,Married,War,0,1,1,9,2
906,0.5,NULL,74999-99999,Non-binary,Student,Single,Thriller,2,10,0,8,5
907,0.56,65<,50000-74999,Non-binary,Part,Married,Short,0,5,9,0,8
908,0.68,65<,50000-74999,Non-binary,None,Partnered,Musical,8,1,3,0,4
909,0.72,45-54,100000<,Male,Full,Seperated,History,1,5,0,1,7
910,0.46,NULL,35000-49999,Feamle,Part,Married,Family,8,2,6,6,5
911,0.38,45-54,15000-34999,Non-binary,Part,Single,Sport,10,8,1,5,7
912,0.46,55-64,74999-99999,Non-binary,None,Single,Music,5,2,7,7,6
913,0.38,25-34,35000-49999,Non-binary,NULL,Seperated,Fantasy,0,7,8,10,6
914,0.7,25-34,74999-99999,Other,Full,Single,Drama,0,1,0,8,6
915,0.64,NULL,35000-49999,Non-binary,Part,Single,Adventure,0,1,9,1,7
916,0.48,55-64,50000-74999,Feamle,None,Partnered,Sci-Fi,5,2,5,6,8
917,0.6,55-64,15000-34999,Feamle,Part,NULL,War,1,6,3,0,10
918,0.32,45-54,100000<,Feamle,Full,Single,Film-Noir,9,2,7,10,6
919,0.5,NULL,NULL,Male,Student,Married,History,3,4,8,7,3
920,0.62,35-44,15000>,Feamle,NULL,NULL,Romance,0,3,10,1,5
921,0.36,35-44,15000>,Feamle,NULL,Married,War,3,4,6,10,9
922,0.44,25-34,15000-34999,Other,Full,Single,Action,6,5,5,9,3
923,0.44,45-54,15000>,Male,Self,Single,Biography,6,6,3,7,6
924,0.62,18-24,35000-49999,Other,NULL,Single,Animation,4,2,4,9,0
925,0.52,65<,100000<,Other,Full,Single,Romance,2,7,6,7,2
926,0.4,65<,35000-49999,Male,Part,NULL,Drama,6,9,5,2,8
927,0.64,65<,15000>,Non-binary,NULL,NULL,Adventure,8,4,3,3,0
928,0.52,25-34,NULL,NULL,Part,NULL,Sci-Fi,10,1,7,4,2
929,0.48,NULL,50000-74999,Male,None,Partnered,Fantasy,9,5,8,1,3
930,0.66,45-54,NULL,Non-binary,Student,NULL,History,3,7,6,1,0
931,0.76,65<,15000>,Other,Full,NULL,Crime,7,0,3,0,2
932,0.5,25-34,15000>,Other,Full,Married,Adventure,8,4,5,1,7
933,0.52,65<,74999-99999,Non-binary,Student,Single,Family,9,5,0,5,5
934,0.42,65<,15000-34999,Male,None,Married,Sci-Fi,2,10,9,8,0
935,0.46,45-54,35000-49999,Non-binary,Self,Partnered,Fantasy,3,4,8,6,6
936,0.32,NULL,15000-34999,Other,Full,Married,Short,10,5,5,4,10
937,0.66,18-24,74999-99999,Male,NULL,Single,Horror,7,1,5,0,4
938,0.7,NULL,100000<,Non-binary,NULL,Married,Mystery,9,0,3,3,0
939,0.56,45-54,15000-34999,Non-binary,Full,Single,Sport,0,5,5,7,5
940,0.36,45-54,35000-49999,Non-binary,Part,Single,Adventure,9,4,0,10,9
941,0.62,45-54,50000-74999,Feamle,Student,Partnered,Fantasy,1,4,1,6,7
942,0.36,NULL,NULL,Male,Student,Single,Mystery,6,8,7,5,6
943,0.28,35-44,50000-74999,NULL,NULL,NULL,War,6,9,1,10,10
944,0.54,35-44,NULL,Male,Full,Partnered,Family,2,1,4,8,8
945,0.9,NULL,35000-49999,Other,Full,NULL,Family,2,1,0,1,1
946,0.38,25-34,35000-49999,Feamle,Self,Partnered,Biography,10,10,1,6,4
947,0.42,NULL,35000-49999,Feamle,None,Partnered,History,7,4,6,6,6
948,0.44,35-44,50000-74999,Male,Student,Seperated,Short,6,9,7,6,0
949,0.74,25-34,50000-74999,Male,NULL,Partnered,Short,2,3,0,5,3
950,0.4,NULL,50000-74999,Other,Part,Seperated,Adventure,8,4,8,0,10
951,0.56,25-34,35000-49999,Feamle,NULL,Partnered,Sport,0,0,5,10,7
952,0.52,55-64,15000>,NULL,None,Seperated,Film-Noir,4,7,10,3,0
953,0.58,25-34,15000-34999,NULL,Full,Partnered,Fantasy,5,1,3,9,3
954,0.52,NULL,15000>,Non-binary,Part,Partnered,History,0,3,9,5,7
955,0.72,NULL,15000-34999,Non-binary,None,NULL,Drama,2,2,5,2,3
956,0.36,18-24,35000-49999,Feamle,Part,NULL,Romance,7,9,3,5,8
957,0.6,18-24,15000-34999,Non-binary,Part,Single,Film-Noir,2,1,9,3,5
958,0.36,45-54,15000>,NULL,Student,NULL,News,5,7,10,1,9
959,0.68,55-64,50000-74999,Non-binary,Student,Married,Mystery,0,10,1,1,4
960,0.44,45-54,74999-99999,Non-binary,Student,Seperated,Biography,6,8,6,7,1
961,0.36,65<,74999-99999,Feamle,Full,Seperated,Documentary,9,4,8,8,3
962,0.68,55-64,100000<,NULL,Full,Partnered,Sci-Fi,9,6,0,1,0
963,0.54,65<,15000>,NULL,Full,Partnered,Film-Noir,2,8,1,7,5
964,0.6,55-64,35000-49999,Non-binary,NULL,Single,History,7,5,1,2,5
965,0.58,35-44,15000-34999,Male,None,Married,Drama,0,9,1,1,10
966,0.4,65<,35000-49999,Other,Self,Single,Mystery,9,10,9,0,2
967,0.58,NULL,15000>,Feamle,Part,NULL,Family,1,8,3,9,0
968,0.52,18-24,100000<,Male,Student,Married,Mystery,8,9,3,0,4
969,0.14,18-24,100000<,Non-binary,Student,Married,Action,7,10,6,10,10
970,0.7,35-44,15000>,Other,Student,Single,Thriller,2,6,2,0,5
971,0.54,NULL,15000>,Male,Full,Partnered,Mystery,2,9,3,1,8
972,0.74,65<,50000-74999,NULL,None,Seperated,Music,5,2,2,1,3
973,0.6,55-64,15000>,Other,Full,Seperated,Sci-Fi,3,7,7,3,0
974,0.36,35-44,35000-49999,Feamle,NULL,Single,History,5,8,4,10,5
975,0.44,35-44,50000-74999,Male,Part,Single,Drama,10,4,5,8,1
976,0.54,NULL,74999-99999,NULL,Part,Single,Documentary,8,4,3,1,7
977,0.42,18-24,35000-49999,Feamle,Part,NULL,Crime,2,10,10,3,4
978,0.62,55-64,15000>,Feamle,Self,Single,Family,3,7,5,4,0
979,0.36,NULL,15000-34999,Feamle,Student,Married,Family,8,7,6,7,4
980,0.34,45-54,35000-49999,Feamle,Part,Partnered,Mystery,3,10,3,9,8
981,0.62,45-54,74999-99999,Non-binary,Full,NULL,Film-Noir,2,2,7,4,4
982,0.36,65<,100000<,NULL,Full,Single,Thriller,5,9,7,8,3
983,0.7,18-24,35000-49999,Male,Part,Married,Mystery,3,8,0,4,0
984,0.86,35-44,35000-49999,Feamle,NULL,Single,War,1,0,3,0,3
985,0.62,18-24,35000-49999,Non-binary,Part,Single,Thriller,3,6,3,2,5
986,0.34,25-34,NULL,Non-binary,Part,Seperated,Romance,3,10,7,6,7
987,0.62,65<,15000-34999,NULL,Self,Seperated,Crime,2,0,8,2,7
988,0.22,65<,100000<,NULL,Self,Single,Film-Noir,8,10,3,9,9
989,0.44,NULL,100000<,Other,Self,Seperated,Sport,8,8,9,1,2
990,0.56,65<,74999-99999,Non-binary,NULL,Single,Film-Noir,0,6,8,1,7
991,0.38,25-34,74999-99999,NULL,NULL,Single,Romance,6,8,1,8,8
992,0.42,55-64,100000<,Non-binary,None,Married,Documentary,6,7,5,5,6
993,0.6,65<,NULL,Feamle,Self,Seperated,Sport,3,0,6,1,10
994,0.44,25-34,100000<,Other,None,Partnered,Family,6,7,4,5,6
995,0.44,35-44,74999-99999,Non-binary,Full,Partnered,Drama,6,8,5,6,3
996,0.42,35-44,35000-49999,Other,Full,Seperated,Romance,0,10,7,2,10
997,0.56,25-34,35000-49999,Other,None,Married,Romance,7,4,3,7,1
998,0.2,35-44,74999-99999,Male,Part,NULL,Fantasy,8,9,9,10,4
999,0.46,55-64,50000-74999,NULL,NULL,Single,Action,5,7,4,9,2
1000,0.26,55-64,15000>,Non-binary,Full,Seperated,Sport,10,9,2,8,8
