cID,sChurn,sAge,sIncome,sGender,sEmployment,sRelationship,sGenre,sSelection,sPricing,sSuggestions,sUsability,sSatisfactory
1,1,18-24,35000-49999,Other,None,Seperated,Film-Noir,9,3,2,3,0
2,1,25-34,50000-74999,Feamle,Full,NULL,Sport,0,6,3,7,8
3,1,55-64,35000-49999,Non-binary,Self,Seperated,Musical,2,6,4,1,0
4,1,25-34,15000-34999,Other,Student,NULL,Drama,8,1,0,3,6
5,1,55-64,NULL,Male,None,Married,Documentary,0,7,4,3,5
6,1,35-44,15000>,Non-binary,Student,Married,Mystery,4,9,6,6,1
7,1,65<,15000-34999,Male,Part,Married,Sport,2,6,5,1,7
8,1,NULL,74999-99999,NULL,Part,NULL,Comedy,1,7,7,0,1
9,1,55-64,15000>,Feamle,NULL,Partnered,History,3,4,1,3,5
10,0,18-24,100000<,Male,Part,Single,War,5,8,7,9,7
11,0,55-64,NULL,NULL,NULL,Partnered,Fantasy,7,1,10,6,7
12,1,NULL,NULL,Non-binary,None,Seperated,Sci-Fi,7,1,3,9,5
13,1,55-64,NULL,Male,Part,Single,Horror,6,4,3,7,6
14,1,45-54,74999-99999,Male,NULL,Single,Crime,7,5,6,3,2
15,1,45-54,15000>,Other,None,Single,Mystery,8,8,2,0,0
16,1,25-34,35000-49999,NULL,Full,Married,Film-Noir,9,0,7,8,1
17,1,65<,35000-49999,NULL,None,Partnered,Drama,1,4,8,1,2
18,1,18-24,15000-34999,NULL,Self,Married,Family,1,4,0,7,7
19,0,65<,100000<,Other,NULL,Single,Romance,10,9,6,2,8
20,1,65<,74999-99999,Male,Self,NULL,Drama,6,2,0,3,10
21,1,55-64,NULL,Male,Part,Single,Adventure,9,10,7,1,1
22,0,25-34,15000>,Non-binary,None,Partnered,Biography,10,7,5,1,8
23,1,45-54,74999-99999,NULL,Full,NULL,Adventure,3,7,0,4,9
24,0,55-64,100000<,Male,Full,Seperated,Fantasy,2,7,10,9,8
25,1,55-64,100000<,Other,NULL,Seperated,Sci-Fi,0,10,10,4,0
26,0,55-64,50000-74999,NULL,NULL,Married,Animation,2,7,8,10,7
27,1,25-34,74999-99999,Other,Full,Married,Biography,6,4,4,2,10
28,1,18-24,35000-49999,Feamle,Student,Married,War,7,2,6,4,1
29,1,25-34,15000>,Non-binary,Self,Seperated,Drama,5,0,10,5,5
30,1,18-24,15000>,NULL,Student,Married,Horror,0,10,3,7,9
31,1,25-34,15000-34999,NULL,NULL,Single,Adventure,6,6,4,2,1
32,1,45-54,74999-99999,Other,None,Single,Adventure,0,7,5,1,9
33,1,18-24,15000-34999,Male,Full,Seperated,Comedy,4,2,0,6,6
34,0,18-24,100000<,NULL,Student,Partnered,Biography,6,10,9,8,2
35,0,25-34,15000-34999,NULL,Full,NULL,Adventure,9,2,10,3,7
36,1,18-24,100000<,Feamle,Full,Married,Drama,4,2,1,8,4
37,1,NULL,NULL,Feamle,NULL,Single,Fantasy,4,0,8,1,7
38,1,55-64,74999-99999,Non-binary,None,Single,Mystery,1,2,8,2,2
39,0,55-64,74999-99999,Feamle,None,NULL,War,8,7,10,3,2
40,0,25-34,15000-34999,Other,None,Single,Biography,9,3,5,5,8
41,1,NULL,15000-34999,Feamle,Full,Married,Animation,2,2,3,6,9
42,1,18-24,15000>,Male,Student,Seperated,War,1,8,0,2,9
43,1,18-24,15000-34999,Non-binary,Self,Married,Family,9,3,3,5,3
44,1,45-54,35000-49999,NULL,Self,Partnered,Action,5,2,9,1,1
45,1,25-34,35000-49999,NULL,None,Single,Mystery,4,10,6,2,0
46,1,35-44,50000-74999,Feamle,None,Single,Film-Noir,0,1,10,2,8
47,0,65<,NULL,Feamle,None,Partnered,Film-Noir,10,0,7,10,8
48,1,55-64,35000-49999,Other,NULL,Seperated,Film-Noir,6,3,7,0,4
49,0,25-34,50000-74999,Other,Full,Partnered,Mystery,6,8,7,5,8
50,1,55-64,35000-49999,Feamle,NULL,NULL,History,1,9,5,5,8
51,1,25-34,NULL,Male,Full,Seperated,Mystery,2,6,3,7,5
52,0,NULL,74999-99999,Male,NULL,Married,Sci-Fi,8,8,6,3,6
53,1,NULL,15000-34999,NULL,NULL,Seperated,History,0,3,1,7,1
54,0,45-54,74999-99999,Feamle,Part,Seperated,Crime,10,2,9,2,9
55,0,25-34,15000>,Male,Part,Seperated,Short,8,7,1,9,6
56,1,45-54,15000-34999,Feamle,Self,Single,Sport,1,8,6,2,6
57,1,18-24,35000-49999,Other,Part,Married,News,2,0,0,5,9
58,1,35-44,NULL,Feamle,Student,NULL,War,10,1,6,1,1
59,0,45-54,50000-74999,Feamle,None,Married,Animation,10,8,1,10,5
60,1,18-24,100000<,Male,NULL,Partnered,Documentary,7,9,7,3,3
61,0,25-34,NULL,Non-binary,Full,Seperated,Music,10,5,10,9,6
62,1,65<,74999-99999,Feamle,None,Married,Film-Noir,7,8,1,0,2
63,0,65<,74999-99999,Feamle,Part,Married,War,9,10,7,3,2
64,1,35-44,15000-34999,Non-binary,Student,Partnered,War,4,4,3,5,1
65,0,45-54,15000-34999,Non-binary,Full,Partnered,Thriller,7,8,10,7,7
66,1,35-44,35000-49999,Other,Part,Single,Film-Noir,4,1,2,10,4
67,1,45-54,35000-49999,Feamle,Self,Partnered,Family,3,6,2,0,5
68,1,45-54,35000-49999,Non-binary,Self,Partnered,Action,5,0,9,6,3
69,1,55-64,15000-34999,Feamle,Self,Partnered,Film-Noir,5,5,7,7,0
70,1,55-64,15000>,Other,Full,Single,Musical,1,3,6,7,1
71,0,35-44,35000-49999,Other,NULL,Single,Family,7,5,3,9,6
72,1,18-24,15000-34999,Male,Student,Single,Sport,6,3,3,8,7
73,1,55-64,100000<,Feamle,NULL,NULL,Romance,0,4,6,2,1
74,0,18-24,NULL,NULL,NULL,Partnered,History,10,6,5,6,9
75,0,35-44,15000-34999,Feamle,Student,Single,Comedy,4,3,9,9,10
76,1,25-34,100000<,NULL,Full,Partnered,Film-Noir,7,1,0,8,1
77,1,35-44,15000>,Feamle,None,Married,Biography,2,6,3,2,10
78,1,NULL,100000<,NULL,Self,Single,Biography,5,7,8,0,7
79,1,45-54,15000-34999,Male,Full,Seperated,Film-Noir,3,9,8,3,0
80,1,65<,NULL,Male,Full,Married,Crime,0,1,10,9,9
81,1,55-64,100000<,Non-binary,None,Married,Family,1,0,2,8,1
82,1,55-64,15000>,Non-binary,Part,Married,Short,1,0,10,5,6
83,1,45-54,50000-74999,Male,Part,Partnered,Film-Noir,1,10,1,0,1
84,0,25-34,NULL,Male,Part,Partnered,News,6,8,8,0,8
85,1,65<,100000<,Other,NULL,Seperated,Family,7,5,4,2,8
86,1,35-44,50000-74999,Other,None,Single,Biography,5,1,3,3,9
87,1,25-34,NULL,Feamle,Student,Single,Adventure,1,0,8,1,6
88,1,18-24,15000>,Non-binary,None,Single,Mystery,3,0,9,1,10
89,1,18-24,NULL,Other,Self,Partnered,Music,0,7,8,7,5
90,1,35-44,35000-49999,Other,NULL,Partnered,Mystery,1,2,1,7,7
91,1,55-64,NULL,Other,NULL,Seperated,Adventure,1,4,3,10,10
92,1,35-44,NULL,NULL,None,Single,Drama,3,3,5,10,3
93,1,35-44,50000-74999,Male,Full,Single,Sci-Fi,8,5,2,2,2
94,0,35-44,74999-99999,Male,None,Seperated,Fantasy,10,4,5,9,10
95,1,35-44,15000>,Non-binary,Full,Married,Action,6,0,8,7,2
96,0,35-44,15000-34999,Feamle,Part,Married,Family,3,7,9,10,4
97,1,45-54,100000<,Non-binary,Self,NULL,War,2,6,10,2,2
98,1,18-24,100000<,Non-binary,Part,Married,Romance,3,8,3,9,3
99,1,35-44,50000-74999,Other,Self,Seperated,Short,10,5,3,2,9
100,0,45-54,74999-99999,Non-binary,None,Seperated,Musical,8,3,10,5,9
101,1,35-44,74999-99999,Other,Self,Partnered,Short,9,6,1,0,9
102,1,18-24,50000-74999,Non-binary,Student,Married,Adventure,3,7,2,9,0
103,1,45-54,50000-74999,NULL,Self,Seperated,History,4,5,3,3,7
104,1,55-64,100000<,Male,None,Partnered,Short,5,1,4,8,5
105,1,65<,15000>,Other,Part,Seperated,Biography,10,5,0,3,6
106,1,55-64,50000-74999,NULL,Full,Partnered,Film-Noir,5,5,0,4,2
107,1,55-64,50000-74999,Non-binary,Full,Single,Romance,0,4,8,9,2
108,1,45-54,NULL,Feamle,Part,Single,Animation,0,10,1,7,1
109,1,65<,50000-74999,Male,Student,Seperated,Mystery,8,5,6,2,7
110,1,35-44,NULL,Other,Student,NULL,Biography,3,5,8,3,7
111,1,35-44,NULL,Other,NULL,NULL,Romance,5,1,2,0,1
112,1,35-44,15000>,Feamle,Student,NULL,Drama,10,0,3,7,1
113,1,35-44,NULL,Non-binary,Full,Single,Drama,4,3,1,8,1
114,1,18-24,35000-49999,NULL,Student,NULL,Adventure,8,4,9,5,1
115,1,35-44,50000-74999,Other,Full,NULL,Fantasy,0,0,8,8,2
116,0,NULL,100000<,Non-binary,Part,Single,Thriller,10,9,8,5,4
117,1,NULL,NULL,Male,None,Married,War,6,1,5,1,5
118,0,NULL,100000<,Male,Student,Married,Short,0,6,9,10,5
119,0,25-34,35000-49999,Non-binary,None,Single,News,9,1,8,2,10
120,0,55-64,74999-99999,NULL,Full,NULL,Crime,2,10,7,3,9
121,1,65<,74999-99999,Feamle,Self,Partnered,Family,3,1,3,9,3
122,1,25-34,50000-74999,Feamle,Full,NULL,Family,2,9,2,9,3
123,0,65<,15000-34999,Male,Student,Seperated,Family,5,4,8,9,4
124,1,35-44,50000-74999,Male,Full,NULL,Music,6,4,8,5,0
125,0,25-34,15000>,NULL,Student,Married,News,9,1,10,8,6
126,1,35-44,15000-34999,Feamle,Student,NULL,Sport,1,0,2,8,5
127,1,18-24,50000-74999,Feamle,Part,Partnered,Adventure,1,8,5,3,10
128,1,NULL,NULL,Male,Part,NULL,History,4,0,6,3,5
129,1,35-44,50000-74999,Non-binary,NULL,Seperated,Animation,3,4,6,7,6
130,1,35-44,74999-99999,Non-binary,NULL,NULL,News,6,7,3,3,0
131,0,35-44,100000<,Male,Part,Married,News,7,6,10,1,6
132,1,55-64,74999-99999,NULL,Student,Married,Film-Noir,0,10,7,5,7
133,1,18-24,15000-34999,Other,None,Seperated,Mystery,5,6,5,2,1
134,1,35-44,15000-34999,Other,Part,Seperated,Music,8,1,2,1,3
135,1,65<,50000-74999,Feamle,NULL,Single,Biography,0,5,0,6,2
136,1,18-24,NULL,Male,Self,Married,Film-Noir,9,3,7,4,1
137,1,35-44,74999-99999,NULL,Full,Single,Action,0,6,0,2,8
138,1,55-64,NULL,NULL,Self,Married,News,3,1,2,8,6
139,1,55-64,15000-34999,NULL,None,Partnered,Documentary,0,0,0,9,0
140,1,35-44,35000-49999,Other,NULL,Married,Biography,5,7,6,1,6
141,1,65<,100000<,Other,Part,NULL,Adventure,10,0,4,6,2
142,1,65<,74999-99999,NULL,Full,Married,Action,2,6,6,6,4
143,1,NULL,NULL,Feamle,Full,NULL,Horror,0,0,4,8,0
144,0,25-34,15000>,NULL,Student,Married,Thriller,9,6,8,9,6
145,1,25-34,35000-49999,Non-binary,Self,Married,History,5,10,5,6,3
146,1,35-44,50000-74999,Male,Full,Seperated,Sport,3,8,1,5,1
147,1,25-34,74999-99999,Non-binary,Part,Single,Documentary,4,8,0,5,3
148,1,45-54,15000-34999,NULL,Student,Single,Short,9,9,3,0,5
149,0,NULL,15000>,Male,NULL,Married,Action,9,10,10,8,10
150,1,55-64,35000-49999,Other,NULL,NULL,Family,6,10,10,2,1
151,1,55-64,50000-74999,NULL,Full,Single,Thriller,1,8,5,8,4
152,0,18-24,50000-74999,NULL,Student,Partnered,Musical,10,9,3,9,5
153,1,NULL,74999-99999,Other,Self,Partnered,History,4,6,4,0,3
154,0,45-54,35000-49999,Non-binary,Self,Seperated,Crime,10,10,0,10,6
155,1,35-44,15000-34999,Male,Student,Seperated,Romance,4,3,4,3,7
156,1,45-54,15000-34999,Feamle,NULL,Married,Family,6,6,6,5,2
157,0,NULL,50000-74999,Feamle,Part,Seperated,History,9,10,4,9,3
158,1,35-44,15000>,Feamle,Full,Partnered,Romance,2,3,7,10,6
159,1,18-24,15000-34999,NULL,Self,Partnered,News,7,5,2,0,2
160,1,18-24,35000-49999,Male,NULL,Seperated,History,1,8,0,1,1
161,0,35-44,74999-99999,NULL,NULL,Married,Mystery,5,9,10,6,2
162,1,18-24,15000>,Feamle,Student,Married,Mystery,6,4,2,1,9
163,1,55-64,74999-99999,Male,Student,Seperated,Horror,4,2,2,4,10
164,0,35-44,NULL,NULL,Student,Single,Fantasy,8,10,8,9,3
165,0,55-64,NULL,Other,Student,Seperated,Music,9,8,6,9,1
166,0,45-54,100000<,Other,NULL,NULL,Family,6,7,10,1,10
167,1,45-54,35000-49999,Other,Full,Single,Music,7,8,0,3,7
168,1,65<,NULL,Male,Part,Married,Fantasy,6,9,5,3,1
169,1,35-44,15000>,Non-binary,NULL,Partnered,Musical,4,2,3,7,5
170,1,45-54,100000<,Male,Full,Single,Fantasy,7,3,10,1,8
171,0,55-64,35000-49999,NULL,Student,Married,Film-Noir,9,9,8,2,4
172,1,35-44,74999-99999,Other,Self,Single,Sport,3,0,9,1,5
173,1,45-54,100000<,Non-binary,Student,Single,Family,3,8,8,2,4
174,1,55-64,74999-99999,Other,Full,Married,Fantasy,4,8,3,4,7
175,1,65<,15000-34999,Male,Full,Partnered,Animation,0,3,3,3,0
176,1,NULL,NULL,Non-binary,Student,Single,Adventure,9,0,8,2,9
177,0,18-24,15000>,Non-binary,NULL,NULL,Sport,7,7,10,9,4
178,0,NULL,15000>,Non-binary,Self,Seperated,Comedy,8,8,4,6,8
179,1,NULL,NULL,Feamle,Part,NULL,News,8,6,6,2,7
180,0,18-24,50000-74999,NULL,Full,Partnered,Horror,2,9,5,7,7
181,1,18-24,74999-99999,Male,Self,Single,Thriller,1,1,8,4,5
182,1,35-44,50000-74999,Other,Self,Partnered,War,3,4,6,9,6
183,1,NULL,NULL,Male,Self,Single,Music,0,9,3,7,1
184,0,65<,15000-34999,Feamle,None,Seperated,Crime,5,6,7,8,6
185,0,25-34,NULL,Feamle,None,Seperated,Drama,7,10,9,8,0
186,0,35-44,NULL,Non-binary,None,NULL,Biography,10,4,10,0,8
187,1,45-54,NULL,Male,None,Single,Mystery,3,9,5,1,0
188,1,45-54,100000<,Feamle,None,Married,War,6,0,3,3,4
189,1,18-24,50000-74999,Non-binary,Self,Partnered,Animation,6,2,5,8,4
190,1,18-24,35000-49999,Male,Full,Single,Adventure,1,1,4,10,3
191,1,55-64,35000-49999,Feamle,Self,NULL,Sport,4,8,2,2,5
192,1,65<,15000-34999,Male,Part,Seperated,Thriller,4,0,10,1,9
193,1,35-44,50000-74999,Non-binary,Part,Partnered,Romance,7,5,8,5,3
194,0,45-54,15000>,Other,None,Married,History,8,7,4,6,8
195,1,45-54,74999-99999,Non-binary,Self,Married,Comedy,0,1,0,9,10
196,1,25-34,NULL,Male,Student,Partnered,Animation,4,0,10,1,10
197,1,NULL,NULL,Non-binary,Part,NULL,Documentary,5,0,3,8,6
198,1,65<,50000-74999,Non-binary,Part,Single,Film-Noir,9,1,9,8,0
199,1,NULL,35000-49999,Male,Full,Married,Biography,4,1,5,10,3
200,1,65<,50000-74999,Feamle,Full,Single,Short,0,8,2,5,5
201,1,65<,100000<,Male,Self,Seperated,Documentary,8,6,6,2,6
202,1,45-54,74999-99999,Non-binary,Part,Single,Short,6,10,1,5,2
203,0,NULL,15000>,NULL,None,Married,Crime,9,9,7,8,6
204,1,25-34,NULL,Male,None,Partnered,Adventure,7,6,5,4,5
205,0,18-24,35000-49999,Feamle,Full,Married,Action,6,9,10,7,5
206,1,35-44,15000>,Other,Part,Single,Animation,7,4,2,7,4
207,1,NULL,NULL,NULL,Self,Married,Fantasy,0,8,6,5,7
208,1,NULL,NULL,Non-binary,Self,NULL,Thriller,3,0,8,10,7
209,1,25-34,74999-99999,Feamle,NULL,NULL,Sport,4,4,3,1,2
210,1,25-34,50000-74999,NULL,None,NULL,Musical,1,7,1,9,8
211,0,NULL,50000-74999,NULL,Full,NULL,Crime,9,7,10,7,8
212,1,55-64,100000<,Other,NULL,Seperated,Adventure,0,8,2,5,4
213,1,45-54,15000-34999,Male,Full,Seperated,Fantasy,0,10,3,9,7
214,1,35-44,50000-74999,Male,Self,Single,History,10,7,10,1,0
215,1,55-64,15000>,Other,Student,Seperated,Sci-Fi,9,7,5,0,8
216,1,65<,100000<,Non-binary,Full,Partnered,Crime,1,9,8,3,1
217,1,25-34,74999-99999,Feamle,Student,Seperated,Musical,5,2,3,9,6
218,1,25-34,50000-74999,Male,None,Single,Biography,3,1,9,4,8
219,1,25-34,15000-34999,Non-binary,None,Married,Mystery,6,1,1,5,1
220,1,NULL,15000-34999,NULL,None,Single,Sport,5,1,7,4,5
221,1,18-24,50000-74999,Non-binary,NULL,NULL,Drama,6,0,10,7,6
222,0,45-54,74999-99999,Non-binary,Full,Married,Biography,7,10,6,5,7
223,1,65<,74999-99999,Other,Full,Married,Adventure,8,0,0,3,7
224,1,18-24,15000-34999,NULL,Full,NULL,Music,0,10,9,7,0
225,1,55-64,15000>,Feamle,Student,Single,Comedy,7,2,1,0,2
226,1,55-64,15000-34999,NULL,Student,Partnered,Fantasy,9,2,7,6,1
227,0,65<,15000-34999,Feamle,Self,Single,Sport,9,5,9,10,5
228,0,45-54,74999-99999,Non-binary,Part,NULL,Romance,8,2,5,10,8
229,0,NULL,15000-34999,Feamle,NULL,Single,History,6,2,9,7,8
230,1,NULL,15000-34999,Non-binary,Part,Partnered,Documentary,7,1,7,2,1
231,1,35-44,NULL,Non-binary,Self,NULL,Short,9,5,4,8,1
232,1,65<,NULL,NULL,Student,Seperated,Drama,1,9,5,5,5
233,1,45-54,NULL,NULL,Full,Partnered,War,4,1,1,10,8
234,1,18-24,50000-74999,Non-binary,NULL,Partnered,Drama,5,2,6,1,0
235,1,45-54,NULL,Feamle,Full,Married,War,5,1,9,7,2
236,0,65<,100000<,NULL,NULL,Seperated,Fantasy,8,8,8,10,6
237,1,NULL,15000>,Non-binary,Self,Married,News,1,6,2,1,9
238,1,NULL,35000-49999,Other,NULL,Seperated,Animation,1,6,8,3,10
239,1,45-54,50000-74999,Male,Part,Single,Musical,2,2,2,8,4
240,0,NULL,50000-74999,Feamle,Student,Partnered,Thriller,10,10,5,10,0
241,0,65<,15000>,NULL,NULL,Partnered,Musical,6,10,3,6,7
242,0,NULL,NULL,NULL,NULL,Married,Action,1,7,7,6,9
243,1,65<,35000-49999,NULL,Part,Seperated,Crime,4,6,5,4,5
244,1,18-24,15000>,Feamle,Self,Seperated,Thriller,8,5,5,7,3
245,0,25-34,NULL,Non-binary,Student,NULL,Fantasy,10,8,6,10,7
246,1,35-44,100000<,Other,NULL,Seperated,Drama,10,4,8,1,5
247,1,45-54,NULL,Feamle,Part,Single,Documentary,2,2,2,10,5
248,1,25-34,100000<,Non-binary,NULL,Single,Horror,6,5,6,0,10
249,1,NULL,15000-34999,NULL,Part,Single,Biography,7,2,0,9,5
250,0,18-24,74999-99999,Male,Full,Seperated,Crime,8,9,9,3,5
251,1,55-64,35000-49999,NULL,NULL,Married,Action,7,9,6,5,2
252,1,65<,15000-34999,Non-binary,None,Seperated,Family,4,5,8,1,8
253,0,55-64,100000<,NULL,None,Married,Horror,9,10,3,10,7
254,1,25-34,NULL,Male,Part,Seperated,Film-Noir,5,7,5,2,1
255,1,65<,74999-99999,Non-binary,Full,Seperated,Sport,7,0,8,2,8
256,0,NULL,15000-34999,Other,Self,Married,Thriller,10,3,4,9,10
257,1,18-24,50000-74999,Feamle,None,Single,Mystery,2,6,4,10,0
258,1,55-64,15000>,NULL,Student,Married,War,1,2,0,1,5
259,0,55-64,35000-49999,NULL,Student,Married,Documentary,3,9,6,9,7
260,1,18-24,NULL,Feamle,NULL,Single,Comedy,3,4,4,4,9
261,0,55-64,15000>,NULL,Self,Partnered,Adventure,10,1,7,7,7
262,1,45-54,50000-74999,Other,Student,Seperated,Sport,6,7,0,6,7
263,1,NULL,35000-49999,Male,Self,Single,News,8,7,3,1,1
264,1,35-44,15000>,Male,Full,Married,War,0,1,4,9,3
265,1,25-34,50000-74999,Feamle,Part,Seperated,Animation,3,0,8,5,0
266,1,35-44,100000<,Male,NULL,Partnered,Thriller,8,4,0,8,7
267,1,55-64,15000>,Non-binary,Self,Seperated,News,9,4,4,8,1
268,1,35-44,100000<,NULL,None,Partnered,Musical,5,6,1,4,7
269,1,18-24,74999-99999,Male,None,Married,Fantasy,3,9,0,3,5
270,0,45-54,15000-34999,Feamle,Part,Seperated,Animation,4,8,8,4,6
271,1,65<,NULL,NULL,Full,Single,Horror,2,3,6,8,3
272,1,45-54,100000<,Male,Full,Married,Short,9,3,2,4,0
273,0,55-64,35000-49999,Non-binary,None,Single,Biography,10,10,9,6,0
274,1,45-54,74999-99999,Male,None,Single,Thriller,0,1,4,8,6
275,1,25-34,35000-49999,Feamle,Student,Married,News,3,0,5,7,2
276,1,25-34,35000-49999,NULL,NULL,Married,Adventure,7,3,1,1,9
277,1,25-34,100000<,Non-binary,Student,Single,Thriller,7,7,6,0,4
278,1,55-64,50000-74999,NULL,Self,NULL,Crime,3,8,6,7,4
279,1,18-24,35000-49999,NULL,Self,Single,Action,3,10,1,1,4
280,1,55-64,15000-34999,NULL,Self,Married,Adventure,0,2,5,0,9
281,1,25-34,35000-49999,Feamle,NULL,Partnered,Sport,4,7,4,0,2
282,1,45-54,74999-99999,NULL,Part,Married,Biography,4,2,9,6,2
283,1,25-34,35000-49999,Non-binary,None,Partnered,Drama,1,4,10,4,1
284,1,65<,74999-99999,Feamle,Part,Partnered,Biography,4,9,0,6,5
285,1,18-24,35000-49999,Other,Self,Seperated,Short,5,8,4,3,5
286,1,55-64,74999-99999,NULL,Self,NULL,Comedy,1,4,10,0,4
287,1,NULL,50000-74999,Other,Full,Single,Family,2,5,7,6,0
288,1,55-64,15000>,NULL,Part,Single,Biography,3,2,1,6,2
289,0,55-64,50000-74999,Other,Self,Single,War,6,5,10,9,9
290,1,35-44,15000-34999,Non-binary,Self,Partnered,Sport,2,4,1,6,2
291,0,45-54,35000-49999,Feamle,Self,Seperated,Family,6,9,10,6,9
292,0,NULL,15000>,NULL,NULL,Partnered,Sci-Fi,8,10,3,5,7
293,1,45-54,74999-99999,Other,Full,Seperated,Fantasy,6,7,3,2,6
294,0,45-54,NULL,Male,Self,Seperated,Music,7,8,10,1,4
295,1,45-54,NULL,Non-binary,None,Seperated,War,3,0,6,1,3
296,1,45-54,15000>,Other,Full,Married,Drama,1,7,4,2,2
297,1,45-54,NULL,Non-binary,Student,Partnered,Crime,4,9,1,10,5
298,1,25-34,100000<,NULL,Self,Single,Horror,10,0,3,8,2
299,1,35-44,74999-99999,Male,Self,NULL,Musical,2,3,4,5,10
300,1,25-34,50000-74999,Male,NULL,Partnered,Crime,2,4,10,6,3
301,1,25-34,50000-74999,Feamle,Self,Single,Crime,8,0,4,4,4
302,1,NULL,50000-74999,Male,Full,Married,Sci-Fi,5,8,1,2,3
303,0,18-24,74999-99999,NULL,NULL,Seperated,Biography,0,7,6,7,10
304,1,35-44,50000-74999,Non-binary,Self,Married,Film-Noir,1,2,6,0,6
305,1,18-24,74999-99999,Male,NULL,Seperated,Family,10,0,8,5,1
306,0,45-54,74999-99999,Male,Full,Partnered,Crime,10,10,7,10,7
307,1,65<,50000-74999,Male,Self,Partnered,Sci-Fi,6,8,0,4,1
308,0,35-44,15000>,Male,Student,Married,Biography,9,6,5,1,9
309,1,NULL,50000-74999,Male,Part,Seperated,Romance,9,4,10,2,2
310,1,NULL,15000>,Other,NULL,Partnered,Drama,7,1,10,7,4
311,1,NULL,35000-49999,Other,Part,NULL,Mystery,9,8,0,2,9
312,1,45-54,74999-99999,Male,Part,Single,Film-Noir,0,2,10,1,0
313,1,18-24,100000<,Feamle,Self,NULL,Family,7,1,2,9,7
314,1,35-44,100000<,Male,NULL,Single,Adventure,4,5,0,4,6
315,1,35-44,15000-34999,Other,Part,Married,Horror,4,0,1,2,1
316,1,18-24,15000>,Non-binary,Full,Single,Adventure,7,8,3,9,0
317,1,NULL,15000-34999,Male,Part,NULL,Animation,4,2,8,0,1
318,1,55-64,100000<,Male,None,Married,Fantasy,5,3,5,3,10
319,1,NULL,15000-34999,Feamle,Self,Seperated,Thriller,7,1,9,4,0
320,1,45-54,NULL,Non-binary,Full,Single,War,6,2,2,8,5
321,1,55-64,100000<,Non-binary,Full,Partnered,Comedy,6,2,7,9,1
322,1,55-64,50000-74999,Male,Student,Seperated,Crime,3,3,3,2,7
323,0,55-64,15000>,Other,Part,Married,Romance,10,4,9,10,9
324,1,NULL,15000>,Feamle,None,NULL,Horror,1,6,6,7,6
325,0,18-24,74999-99999,Male,None,Married,Crime,2,7,9,3,10
326,1,65<,50000-74999,Non-binary,Self,Single,Romance,8,4,9,0,0
327,1,NULL,15000>,Other,Full,Seperated,Animation,1,5,9,7,2
328,1,35-44,15000-34999,Feamle,None,Married,Sci-Fi,0,0,3,2,1
329,1,65<,50000-74999,NULL,None,Single,Sci-Fi,5,9,2,0,5
330,1,25-34,NULL,Non-binary,NULL,Seperated,Biography,6,3,0,9,8
331,0,NULL,15000>,Male,Part,Married,War,5,7,9,5,6
332,0,45-54,NULL,NULL,Student,Married,Sport,8,7,3,8,4
333,1,65<,15000>,Male,Self,Seperated,Horror,0,6,9,1,8
334,0,18-24,100000<,NULL,None,NULL,History,10,7,10,7,6
335,1,45-54,NULL,Male,NULL,Partnered,Music,2,0,1,3,0
336,1,45-54,50000-74999,Non-binary,Student,Single,Thriller,4,1,7,7,10
337,0,18-24,74999-99999,Feamle,Full,Single,Thriller,7,9,9,6,10
338,1,65<,NULL,Male,Self,NULL,Romance,5,1,9,1,10
339,1,NULL,74999-99999,Male,Part,Married,Comedy,0,10,1,9,7
340,0,45-54,74999-99999,NULL,Self,NULL,Romance,7,9,4,1,10
341,1,35-44,100000<,Feamle,NULL,Seperated,Mystery,8,2,3,2,7
342,0,25-34,NULL,Male,Full,Married,Family,10,8,9,8,10
343,1,45-54,NULL,Non-binary,Self,Partnered,Romance,3,5,4,2,1
344,0,18-24,35000-49999,Non-binary,Student,Partnered,Thriller,6,8,9,8,0
345,0,18-24,15000>,NULL,Part,Single,Short,10,10,9,8,5
346,1,18-24,74999-99999,Male,None,NULL,History,5,2,3,5,10
347,1,NULL,NULL,Male,Full,Seperated,Animation,9,0,4,5,0
348,1,55-64,50000-74999,Feamle,None,Seperated,Family,1,8,4,1,1
349,1,18-24,15000-34999,Non-binary,None,Seperated,Mystery,8,1,2,8,1
350,0,NULL,100000<,NULL,Full,Seperated,Crime,3,6,8,5,9
351,1,18-24,15000-34999,Other,Part,Married,Thriller,3,5,5,10,5
352,1,25-34,15000-34999,Non-binary,Part,Married,Family,6,2,4,4,5
353,1,NULL,NULL,Feamle,Self,Married,Drama,0,9,4,0,1
354,1,65<,35000-49999,Feamle,Full,Partnered,Thriller,1,7,5,1,7
355,1,55-64,35000-49999,Male,NULL,Married,Sport,2,2,2,4,3
356,0,35-44,15000>,Feamle,Part,Seperated,Romance,10,1,10,9,0
357,1,NULL,15000>,NULL,NULL,Single,Musical,6,5,7,6,5
358,1,NULL,100000<,Feamle,Student,Seperated,Action,9,5,2,4,6
359,0,25-34,100000<,Non-binary,Full,Seperated,Documentary,6,10,6,2,10
360,0,65<,35000-49999,Male,None,Seperated,Comedy,2,6,7,6,10
361,0,55-64,NULL,Non-binary,None,Single,Animation,10,10,3,4,10
362,1,NULL,74999-99999,Other,Full,Seperated,Fantasy,2,4,1,10,6
363,1,35-44,15000>,Non-binary,Part,Married,Romance,8,4,7,6,4
364,1,65<,35000-49999,NULL,Self,Single,Drama,3,0,0,4,3
365,1,65<,15000-34999,NULL,Full,NULL,Romance,3,4,5,0,0
366,1,35-44,NULL,Feamle,None,Married,Horror,4,0,10,3,3
367,0,NULL,35000-49999,Male,None,NULL,Short,8,9,8,4,6
368,1,45-54,74999-99999,Non-binary,None,Partnered,Crime,3,2,3,10,4
369,0,45-54,35000-49999,Other,Part,Seperated,Mystery,9,7,3,5,10
370,1,35-44,NULL,NULL,NULL,Married,Horror,3,8,3,8,1
371,1,65<,NULL,Feamle,Full,Married,History,2,5,4,7,6
372,1,25-34,35000-49999,Non-binary,Part,Married,Animation,10,1,4,4,10
373,1,25-34,NULL,Male,Part,Seperated,Comedy,4,6,1,1,10
374,1,18-24,15000-34999,Other,NULL,Single,Sci-Fi,5,4,1,7,4
375,1,45-54,15000>,Male,None,Seperated,Romance,10,0,3,10,4
376,1,35-44,35000-49999,Male,Self,Seperated,Action,7,1,10,2,8
377,1,45-54,74999-99999,Non-binary,Full,Married,Film-Noir,4,5,9,7,1
378,1,45-54,NULL,NULL,Student,NULL,Adventure,7,1,8,7,3
379,0,55-64,15000-34999,Male,None,NULL,Mystery,7,8,7,9,7
380,1,25-34,50000-74999,Feamle,Full,Married,Romance,1,7,9,4,0
381,0,NULL,35000-49999,Other,Self,NULL,Drama,6,3,9,9,7
382,1,NULL,74999-99999,NULL,Student,Single,Animation,1,6,7,5,6
383,1,35-44,74999-99999,Other,None,Single,Thriller,2,3,2,3,3
384,1,65<,100000<,Other,None,Partnered,War,6,6,4,0,10
385,1,65<,50000-74999,Other,None,Seperated,Music,9,0,9,2,4
386,0,25-34,15000-34999,Other,Self,Single,Biography,9,8,1,3,9
387,0,18-24,NULL,Other,None,Single,Crime,10,9,7,5,10
388,1,25-34,NULL,Other,Student,NULL,Film-Noir,10,5,5,1,8
389,1,55-64,15000>,Male,Full,Partnered,Romance,3,9,5,2,7
390,1,55-64,100000<,Non-binary,Full,Partnered,History,8,1,7,1,4
391,1,45-54,15000>,NULL,Part,Partnered,Drama,5,2,6,6,5
392,0,18-24,50000-74999,Non-binary,Student,NULL,History,8,10,10,4,9
393,1,18-24,100000<,Other,NULL,Seperated,Thriller,7,3,1,2,4
394,1,25-34,50000-74999,Non-binary,Student,Partnered,Romance,2,9,8,0,6
395,1,45-54,74999-99999,Feamle,Full,Seperated,Action,3,9,0,9,6
396,0,18-24,NULL,NULL,Part,NULL,War,7,6,6,5,6
397,1,NULL,35000-49999,NULL,NULL,Partnered,Music,3,5,8,1,0
398,1,18-24,35000-49999,Other,Student,NULL,Biography,6,1,0,2,2
399,1,NULL,74999-99999,Feamle,Student,Married,Film-Noir,5,2,9,10,3
400,1,18-24,50000-74999,NULL,None,Partnered,War,1,7,2,3,9
401,0,45-54,100000<,Feamle,Part,NULL,Drama,9,10,8,10,8
402,1,25-34,35000-49999,Feamle,None,Seperated,Music,2,0,10,0,6
403,0,55-64,15000>,Other,Self,Single,Adventure,8,7,0,10,8
404,0,45-54,50000-74999,Male,Part,NULL,Short,8,9,4,9,7
405,1,35-44,100000<,Non-binary,NULL,Single,Short,8,5,9,2,4
406,1,NULL,100000<,Feamle,Self,Partnered,Family,3,3,2,4,9
407,1,35-44,NULL,Feamle,Part,Seperated,Music,7,1,6,1,10
408,1,45-54,15000-34999,Other,Full,Seperated,History,0,7,1,0,4
409,1,65<,NULL,Non-binary,Student,Married,Short,8,4,6,5,6
410,0,NULL,100000<,Other,NULL,Married,Action,7,5,8,2,9
411,1,65<,50000-74999,Other,Self,Married,Adventure,3,7,5,1,1
412,1,35-44,15000>,Male,NULL,Seperated,Sport,7,10,0,3,2
413,1,35-44,50000-74999,Feamle,NULL,NULL,Family,10,2,0,1,6
414,0,NULL,15000-34999,Feamle,Full,Single,Fantasy,10,6,10,7,3
415,1,65<,15000>,Feamle,Student,Married,Animation,1,9,0,10,0
416,1,35-44,74999-99999,Other,Self,NULL,Sci-Fi,9,0,6,6,6
417,1,55-64,15000-34999,Feamle,Student,Seperated,News,6,2,7,0,10
418,1,55-64,100000<,Other,Student,Seperated,Documentary,0,1,9,3,4
419,1,55-64,NULL,Male,Self,NULL,Short,6,5,9,1,7
420,1,25-34,50000-74999,Feamle,Part,Seperated,Comedy,1,0,10,10,7
421,1,45-54,15000-34999,Non-binary,Full,Single,Short,6,4,5,4,0
422,1,45-54,15000-34999,Feamle,None,Single,Mystery,2,5,7,0,9
423,1,25-34,NULL,NULL,Full,Married,Sci-Fi,0,3,3,7,6
424,0,35-44,100000<,Other,NULL,Single,Family,6,9,5,8,9
425,1,18-24,74999-99999,Other,Self,NULL,War,10,1,1,7,2
426,0,65<,35000-49999,Non-binary,Self,NULL,Thriller,5,7,4,7,9
427,0,45-54,74999-99999,Other,Self,Partnered,Music,9,5,10,6,7
428,0,55-64,35000-49999,NULL,Part,Partnered,Adventure,8,4,7,3,8
429,1,55-64,NULL,Feamle,Part,Single,Horror,1,7,0,3,0
430,1,NULL,15000>,Other,None,Seperated,Documentary,1,1,1,3,3
431,0,NULL,NULL,Male,NULL,NULL,News,5,3,10,9,7
432,0,18-24,15000>,NULL,NULL,Married,Drama,5,7,3,10,9
433,0,45-54,35000-49999,Non-binary,Part,Married,Animation,0,6,8,10,6
434,1,65<,74999-99999,NULL,NULL,Single,Short,0,0,7,9,6
435,1,35-44,100000<,Feamle,Self,Partnered,Comedy,7,4,4,5,6
436,0,25-34,50000-74999,NULL,Full,NULL,Adventure,9,5,4,5,10
437,1,25-34,15000-34999,Male,Full,Seperated,Short,3,8,5,9,3
438,1,65<,15000>,Other,NULL,Single,Animation,4,0,6,2,2
439,0,18-24,15000>,NULL,None,Seperated,Short,6,10,10,5,5
440,1,45-54,15000-34999,NULL,Student,Seperated,Mystery,10,1,3,0,10
441,0,18-24,74999-99999,NULL,Student,Single,Fantasy,10,4,6,6,5
442,1,18-24,50000-74999,Non-binary,None,NULL,Romance,0,3,8,8,10
443,1,NULL,50000-74999,Other,Full,Seperated,Documentary,0,4,9,4,4
444,0,18-24,50000-74999,Male,Full,Partnered,Family,6,9,2,3,10
445,1,35-44,35000-49999,NULL,NULL,Single,Family,2,8,0,5,4
446,1,35-44,100000<,Male,Student,Seperated,Short,4,1,7,8,4
447,1,55-64,100000<,NULL,Part,NULL,Music,9,2,9,3,3
448,1,NULL,NULL,NULL,Self,Seperated,Musical,5,1,9,3,4
449,0,18-24,15000>,Other,Part,NULL,News,8,1,8,7,6
450,1,65<,35000-49999,Feamle,Full,NULL,Animation,5,2,7,5,2
451,1,25-34,15000-34999,Other,NULL,NULL,Animation,6,5,4,4,1
452,1,NULL,50000-74999,Male,NULL,Seperated,Sci-Fi,9,5,3,1,10
453,1,45-54,35000-49999,Male,None,Seperated,Sport,1,1,6,4,6
454,1,NULL,74999-99999,Other,None,Married,Family,8,2,3,9,0
455,1,65<,NULL,Other,Full,Seperated,Documentary,10,6,4,0,0
456,0,NULL,15000-34999,NULL,Student,Single,Drama,8,10,9,7,3
457,1,65<,15000>,Non-binary,Full,NULL,Crime,3,1,9,0,7
458,1,18-24,15000>,Feamle,Student,Married,Drama,8,0,3,2,4
459,1,55-64,15000>,Non-binary,NULL,Married,War,4,9,4,0,7
460,1,NULL,15000>,Feamle,Student,Single,News,0,10,4,9,6
461,1,NULL,NULL,NULL,Self,NULL,Short,8,7,0,0,5
462,1,25-34,100000<,Feamle,Student,NULL,Animation,3,7,4,9,3
463,1,35-44,100000<,NULL,Full,NULL,Horror,7,6,4,6,0
464,0,35-44,100000<,Feamle,Self,NULL,Sci-Fi,2,9,10,3,9
465,1,55-64,50000-74999,Non-binary,NULL,NULL,Thriller,8,7,3,4,7
466,0,55-64,15000>,Other,NULL,Seperated,Thriller,10,5,4,10,8
467,0,35-44,15000>,NULL,NULL,Single,News,9,10,7,4,1
468,0,NULL,NULL,Feamle,Part,Seperated,Fantasy,7,3,9,7,4
469,0,55-64,15000>,Non-binary,None,NULL,Music,0,7,10,10,7
470,1,25-34,15000-34999,Male,Student,Seperated,Documentary,4,3,2,0,9
471,1,35-44,15000>,Non-binary,NULL,Single,Documentary,1,9,1,4,7
472,1,35-44,100000<,Non-binary,None,Single,Sci-Fi,4,2,2,9,1
473,1,55-64,15000>,Non-binary,None,Partnered,Horror,5,10,4,8,2
474,1,55-64,35000-49999,Feamle,None,Partnered,Short,3,2,1,5,9
475,1,45-54,74999-99999,Other,NULL,NULL,Sport,3,10,4,6,3
476,1,NULL,100000<,Male,Part,Partnered,Documentary,10,7,1,6,4
477,0,45-54,100000<,Non-binary,Self,NULL,History,6,8,7,10,5
478,0,35-44,50000-74999,Other,NULL,Married,Horror,9,7,3,8,6
479,0,55-64,15000>,Male,Self,NULL,Adventure,10,4,10,4,2
480,1,45-54,50000-74999,NULL,NULL,Married,Animation,1,2,10,9,1
481,1,45-54,15000>,Male,None,NULL,Sport,2,4,3,6,4
482,1,45-54,15000>,Male,Self,NULL,Musical,1,3,6,1,9
483,1,55-64,100000<,NULL,Full,Married,Documentary,1,0,2,8,4
484,1,18-24,15000-34999,NULL,Full,Seperated,Mystery,4,6,7,10,1
485,0,55-64,NULL,Non-binary,Self,Married,Family,8,7,8,9,9
486,1,55-64,50000-74999,Feamle,NULL,Single,Horror,2,2,2,10,7
487,0,45-54,15000>,NULL,None,Partnered,Thriller,8,10,4,9,0
488,1,25-34,50000-74999,Non-binary,Student,Seperated,History,10,0,3,9,6
489,1,NULL,NULL,Feamle,Student,Partnered,Adventure,8,6,2,3,1
490,0,45-54,15000-34999,Other,None,Married,Sport,3,7,2,10,10
491,0,NULL,35000-49999,Male,None,Married,Animation,4,10,7,8,9
492,1,45-54,100000<,Non-binary,Student,Married,Thriller,2,9,5,2,10
493,1,NULL,NULL,Other,Part,Partnered,Horror,10,6,8,3,0
494,1,NULL,100000<,Other,Part,Partnered,Drama,9,5,2,8,1
495,1,18-24,NULL,NULL,Self,Married,Family,7,9,0,8,2
496,1,25-34,74999-99999,Non-binary,Self,Partnered,Drama,8,3,2,1,6
497,0,25-34,15000>,Feamle,Full,Seperated,Music,8,9,2,8,4
498,1,65<,100000<,NULL,Student,Partnered,Action,2,7,0,9,9
499,1,NULL,100000<,Other,NULL,Married,Music,1,8,10,2,0
500,1,NULL,15000>,Other,NULL,Seperated,Musical,5,6,3,1,4
501,1,65<,50000-74999,Feamle,Full,NULL,Drama,5,0,6,6,6
502,1,45-54,100000<,Other,Full,Seperated,Sci-Fi,7,7,6,0,8
503,1,65<,35000-49999,Other,Part,NULL,Musical,1,5,5,3,5
504,1,25-34,50000-74999,Non-binary,Part,NULL,History,0,1,4,6,4
505,1,18-24,100000<,Other,NULL,Married,Thriller,2,3,1,10,6
506,1,25-34,15000-34999,Non-binary,Self,NULL,Short,1,0,3,1,10
507,1,25-34,35000-49999,Non-binary,NULL,Married,Family,4,7,0,10,1
508,1,65<,15000>,NULL,Part,Seperated,Action,9,4,3,5,4
509,0,65<,50000-74999,Male,Part,NULL,Crime,7,9,9,10,9
510,1,65<,15000-34999,NULL,Student,NULL,Family,6,3,6,4,8
511,0,25-34,74999-99999,Non-binary,NULL,Seperated,Music,9,2,10,7,9
512,0,25-34,35000-49999,Feamle,Student,Single,History,8,5,8,9,3
513,1,NULL,15000>,Other,None,Seperated,Adventure,10,2,2,4,10
514,1,25-34,50000-74999,Male,Full,Single,Romance,9,0,7,3,2
515,1,35-44,100000<,NULL,Part,NULL,Drama,0,5,3,9,7
516,1,18-24,50000-74999,Non-binary,Student,Married,Documentary,5,2,3,0,10
517,1,25-34,74999-99999,Male,Self,Partnered,Animation,3,10,0,8,2
518,1,55-64,15000-34999,Feamle,Full,Seperated,History,2,9,4,3,8
519,1,18-24,15000>,Other,Self,Married,Family,4,1,1,7,9
520,1,NULL,50000-74999,Male,Self,Partnered,Music,8,0,3,9,9
521,1,45-54,74999-99999,NULL,Self,Seperated,Action,1,3,3,0,6
522,1,45-54,15000>,Feamle,None,Partnered,Music,10,0,9,3,6
523,1,55-64,NULL,Male,Student,Seperated,Crime,2,2,4,0,1
524,1,45-54,35000-49999,Other,Part,Single,Comedy,10,5,2,1,6
525,0,18-24,35000-49999,Non-binary,NULL,Married,War,6,9,6,6,3
526,0,18-24,74999-99999,Male,NULL,Seperated,Sport,10,6,10,6,10
527,0,35-44,15000-34999,Other,Full,Seperated,Adventure,6,6,10,2,8
528,1,18-24,50000-74999,Feamle,Student,Partnered,Short,7,4,8,1,3
529,0,NULL,50000-74999,Other,Part,Partnered,Fantasy,8,10,3,10,8
530,1,25-34,35000-49999,NULL,Student,NULL,Music,9,2,3,1,10
531,1,45-54,100000<,Feamle,Student,Married,News,6,0,1,4,9
532,1,35-44,15000>,NULL,Self,Seperated,Documentary,6,7,6,3,5
533,1,NULL,100000<,Feamle,Part,Seperated,Documentary,5,7,7,1,7
534,0,65<,50000-74999,Male,NULL,Single,Music,7,10,3,2,8
535,1,NULL,100000<,Other,Student,NULL,Horror,2,9,0,9,5
536,1,35-44,15000>,Feamle,NULL,Married,Short,0,1,2,3,0
537,0,45-54,15000>,Feamle,None,Married,Crime,7,7,9,4,8
538,1,65<,15000-34999,NULL,Full,Seperated,Music,10,4,8,1,2
539,1,45-54,35000-49999,NULL,None,Married,Action,4,0,5,4,8
540,1,65<,74999-99999,NULL,Self,NULL,Documentary,1,0,3,0,3
541,1,35-44,35000-49999,NULL,Part,Married,Comedy,1,8,2,5,8
542,1,35-44,100000<,Feamle,Self,Seperated,Biography,8,1,8,3,8
543,1,45-54,15000-34999,Feamle,Full,Married,Sci-Fi,4,1,7,2,2
544,1,25-34,100000<,Non-binary,Part,NULL,News,4,0,8,6,9
545,0,55-64,74999-99999,Other,Student,Single,Mystery,7,7,10,6,8
546,1,65<,15000>,Male,None,Partnered,History,7,5,4,6,4
547,1,18-24,NULL,Feamle,Part,Seperated,Sci-Fi,3,8,7,7,0
548,1,45-54,35000-49999,NULL,Part,Married,Family,9,0,1,4,5
549,1,35-44,15000-34999,Non-binary,Full,Seperated,Animation,2,9,2,3,2
550,1,45-54,15000>,NULL,Self,Seperated,Thriller,0,3,10,2,4
551,1,65<,50000-74999,Other,Full,NULL,Music,10,0,4,4,1
552,1,25-34,35000-49999,Non-binary,None,Seperated,Family,8,7,0,3,4
553,1,25-34,15000>,NULL,None,Married,Drama,4,0,3,8,9
554,0,65<,50000-74999,Male,Student,Single,Family,0,10,9,10,5
555,0,NULL,74999-99999,Male,Part,Seperated,Action,9,5,5,7,6
556,0,25-34,74999-99999,Other,Part,Single,Music,10,0,10,10,3
557,1,35-44,15000>,Feamle,Self,Partnered,Drama,7,10,4,2,0
558,0,45-54,15000-34999,Feamle,None,Married,Animation,9,7,4,2,8
559,1,65<,74999-99999,Feamle,Student,Partnered,Short,10,6,3,5,4
560,1,NULL,74999-99999,Feamle,Part,Seperated,Music,4,4,5,5,10
561,1,65<,35000-49999,Feamle,Self,NULL,Adventure,8,4,4,7,0
562,0,35-44,74999-99999,Male,Full,Single,Film-Noir,2,10,9,10,2
563,1,35-44,15000>,Male,None,Married,Family,1,4,7,4,7
564,1,18-24,74999-99999,NULL,Student,NULL,Action,6,5,5,4,5
565,1,25-34,NULL,NULL,NULL,Seperated,Mystery,4,2,6,9,6
566,1,NULL,50000-74999,Male,Student,NULL,Sci-Fi,4,2,8,1,9
567,0,55-64,15000>,NULL,NULL,Married,Crime,1,8,8,7,8
568,0,NULL,15000>,Male,Student,Married,Action,4,10,10,8,9
569,1,18-24,100000<,Male,Full,NULL,Romance,4,3,7,3,8
570,1,55-64,15000>,NULL,Part,Single,Film-Noir,7,6,1,8,2
571,0,NULL,50000-74999,Other,Self,NULL,Comedy,6,7,5,5,7
572,0,18-24,100000<,Non-binary,Self,Single,Musical,9,6,10,9,7
573,1,35-44,15000>,Male,NULL,NULL,Animation,7,1,1,2,8
574,1,NULL,74999-99999,Other,Full,Partnered,History,7,4,2,9,1
575,1,65<,15000>,Feamle,Full,NULL,Horror,6,1,8,4,5
576,1,65<,74999-99999,Non-binary,Student,NULL,War,0,2,1,9,4
577,1,25-34,50000-74999,NULL,Self,Partnered,Family,1,1,7,9,0
578,1,35-44,50000-74999,Non-binary,Student,Seperated,News,0,8,4,1,7
579,1,35-44,15000-34999,NULL,Student,NULL,Biography,3,7,4,3,9
580,0,35-44,15000>,NULL,Full,Partnered,Adventure,6,7,9,10,0
581,1,25-34,15000>,Feamle,Student,Single,Sci-Fi,5,7,6,3,2
582,1,25-34,15000-34999,Non-binary,Full,NULL,Sport,0,4,7,1,6
583,1,65<,50000-74999,Other,Full,Married,Comedy,1,1,5,5,6
584,1,35-44,35000-49999,Feamle,Part,Seperated,Short,4,0,5,3,9
585,0,55-64,15000>,Other,None,NULL,News,6,9,4,3,8
586,1,25-34,74999-99999,Feamle,Full,Single,Romance,4,4,3,5,3
587,1,25-34,50000-74999,Male,Student,Married,Short,0,5,1,8,5
588,1,35-44,74999-99999,Other,Student,Single,Biography,3,6,0,1,5
589,1,45-54,100000<,Other,Self,Seperated,Documentary,7,6,6,5,4
590,0,65<,NULL,Non-binary,Self,NULL,Horror,5,9,0,6,10
591,1,35-44,100000<,NULL,Part,NULL,Musical,5,9,6,7,1
592,1,25-34,100000<,Non-binary,Self,Single,Sport,3,3,0,5,4
593,1,55-64,NULL,Non-binary,Self,Single,Documentary,1,9,9,0,1
594,1,45-54,NULL,NULL,Student,Seperated,Horror,1,2,1,5,1
595,1,25-34,15000-34999,Non-binary,Part,Partnered,Biography,4,6,4,2,5
596,0,65<,100000<,NULL,NULL,Seperated,Animation,8,1,6,9,6
597,1,35-44,15000>,Non-binary,Student,Partnered,Mystery,7,2,0,4,5
598,1,25-34,15000>,Feamle,None,Partnered,News,5,2,6,5,8
599,1,25-34,50000-74999,Male,Student,NULL,Fantasy,5,3,9,3,8
600,0,18-24,74999-99999,Male,Part,Seperated,Adventure,5,6,10,6,5
601,1,65<,35000-49999,Non-binary,None,Married,Biography,0,3,6,10,7
602,1,35-44,50000-74999,NULL,None,Single,Mystery,4,3,2,5,4
603,0,25-34,35000-49999,Other,Self,NULL,Crime,5,5,9,8,6
604,0,25-34,74999-99999,Non-binary,Part,Seperated,Thriller,8,5,8,3,6
605,1,NULL,15000-34999,Male,None,Partnered,Fantasy,7,1,1,5,4
606,0,18-24,50000-74999,NULL,None,Single,Family,9,7,7,8,0
607,1,55-64,35000-49999,NULL,None,NULL,Short,9,8,1,2,3
608,0,55-64,15000-34999,Male,NULL,Partnered,Family,3,2,9,10,6
609,1,45-54,15000-34999,NULL,Self,Married,Sport,9,6,3,6,5
610,0,NULL,35000-49999,Other,Part,Seperated,Documentary,9,0,8,9,9
611,0,35-44,50000-74999,Non-binary,NULL,Partnered,Horror,9,5,9,8,5
612,1,25-34,50000-74999,NULL,Student,NULL,War,8,5,2,2,2
613,1,45-54,100000<,Non-binary,Student,Partnered,Biography,10,1,8,6,2
614,1,55-64,35000-49999,Other,Student,NULL,Biography,7,6,4,5,2
615,0,45-54,100000<,Other,Full,NULL,Crime,8,6,10,6,10
616,1,45-54,NULL,Feamle,Part,NULL,Fantasy,10,9,6,1,0
617,1,45-54,100000<,Male,Self,Single,Documentary,0,9,6,10,3
618,0,NULL,74999-99999,Feamle,Student,Seperated,Thriller,9,6,10,9,0
619,0,18-24,100000<,Feamle,Full,Married,Family,7,7,7,5,5
620,0,55-64,50000-74999,Non-binary,Full,Single,Romance,5,10,7,8,8
621,1,NULL,15000>,Other,NULL,NULL,Adventure,5,5,7,5,3
622,0,18-24,15000>,Other,None,NULL,Drama,7,9,5,10,9
623,1,NULL,50000-74999,Other,Student,Single,Sci-Fi,7,9,6,2,1
624,1,65<,100000<,Non-binary,None,Single,Family,6,4,1,8,0
625,1,55-64,100000<,Feamle,NULL,Partnered,Thriller,5,1,3,10,4
626,1,35-44,100000<,Non-binary,Student,NULL,Drama,6,6,8,2,4
627,1,25-34,15000-34999,Male,None,Single,Drama,1,6,6,8,4
628,1,NULL,74999-99999,Male,NULL,NULL,Short,4,9,1,5,5
629,1,18-24,35000-49999,Non-binary,Full,Partnered,Sci-Fi,6,10,2,7,3
630,1,45-54,15000>,Feamle,NULL,Seperated,Adventure,5,3,10,4,4
631,1,65<,50000-74999,Male,NULL,Partnered,Sport,8,0,10,1,7
632,1,65<,NULL,Non-binary,Self,Married,Fantasy,6,10,4,2,7
633,1,25-34,100000<,NULL,Student,Single,Musical,5,6,4,9,5
634,1,25-34,35000-49999,Non-binary,Self,Single,Sport,6,8,1,10,3
635,1,NULL,NULL,NULL,Self,NULL,Musical,7,1,2,6,7
636,1,NULL,15000>,Male,Self,Single,Comedy,8,5,5,7,3
637,1,55-64,74999-99999,Male,Full,Single,Family,4,1,0,6,9
638,0,45-54,74999-99999,Non-binary,None,Seperated,War,9,8,10,8,5
639,1,NULL,15000>,Non-binary,Full,Married,War,4,10,3,1,8
640,0,55-64,15000>,NULL,NULL,Married,Documentary,8,4,9,7,5
641,0,25-34,74999-99999,Feamle,Part,Married,Adventure,8,8,4,9,2
642,1,65<,NULL,Non-binary,None,NULL,Animation,6,2,5,7,8
643,1,45-54,15000>,Other,Part,NULL,Mystery,4,3,1,6,10
644,1,55-64,74999-99999,Feamle,Full,Married,Comedy,0,5,1,8,8
645,0,NULL,74999-99999,Other,Part,Seperated,Mystery,4,9,3,9,7
646,0,45-54,15000-34999,Other,Student,Single,Mystery,10,4,1,8,8
647,1,45-54,74999-99999,Feamle,Self,Seperated,Short,5,9,4,1,8
648,0,35-44,50000-74999,Other,Self,Partnered,Drama,1,10,10,7,6
649,0,45-54,50000-74999,NULL,Part,NULL,Mystery,6,5,10,8,5
650,1,45-54,74999-99999,Non-binary,Student,NULL,Fantasy,0,2,7,4,5
651,0,45-54,15000-34999,Feamle,Part,Partnered,Documentary,9,7,5,5,5
652,1,55-64,74999-99999,Other,NULL,Seperated,News,9,1,2,2,0
653,0,25-34,74999-99999,Other,Full,Seperated,Fantasy,5,8,10,0,8
654,1,NULL,74999-99999,Male,Full,NULL,Film-Noir,0,6,6,3,5
655,0,65<,35000-49999,Non-binary,Full,Partnered,Documentary,6,9,7,2,10
656,1,65<,100000<,Male,Part,Partnered,Sport,10,6,4,7,1
657,0,35-44,74999-99999,NULL,Part,Partnered,Action,10,9,4,9,6
658,0,25-34,50000-74999,Other,None,Seperated,Sci-Fi,6,10,3,8,4
659,0,65<,15000-34999,Other,NULL,Seperated,Music,0,8,4,10,8
660,1,NULL,15000-34999,Non-binary,NULL,Seperated,Animation,9,5,1,1,0
661,1,18-24,35000-49999,Other,Student,Partnered,Fantasy,0,10,5,3,5
662,0,18-24,100000<,Non-binary,Part,NULL,Documentary,1,7,4,9,10
663,1,45-54,NULL,Feamle,NULL,Partnered,Drama,6,9,2,7,0
664,0,25-34,35000-49999,Male,Full,NULL,Sport,8,3,4,9,6
665,1,55-64,35000-49999,Non-binary,Full,Partnered,Music,4,4,4,0,7
666,0,NULL,15000>,Male,Self,Single,Romance,3,5,5,8,10
667,1,65<,35000-49999,Feamle,Student,Partnered,Romance,2,6,6,1,7
668,1,45-54,50000-74999,Feamle,NULL,Married,Documentary,1,7,3,7,7
669,0,18-24,74999-99999,NULL,NULL,NULL,Fantasy,10,0,9,10,7
670,1,NULL,15000>,Other,Student,Single,Mystery,4,8,2,2,10
671,1,25-34,15000>,NULL,Student,Partnered,Drama,0,6,0,5,4
672,1,35-44,NULL,Other,NULL,NULL,Short,7,1,1,1,5
673,1,18-24,15000>,Feamle,None,NULL,History,1,4,5,6,8
674,1,55-64,15000>,NULL,Full,Married,Romance,4,4,10,7,4
675,1,45-54,100000<,Male,Self,Partnered,Family,0,0,8,0,7
676,1,18-24,100000<,Feamle,NULL,Partnered,News,1,2,4,9,1
677,1,65<,15000>,Male,Part,Partnered,Sport,3,0,2,5,0
678,1,18-24,15000-34999,NULL,Part,NULL,Crime,5,8,0,4,3
679,1,NULL,100000<,NULL,Full,Seperated,Mystery,6,5,1,4,5
680,1,65<,74999-99999,Feamle,Student,NULL,Horror,5,8,4,0,0
681,1,65<,100000<,Male,Self,Seperated,Romance,9,5,6,0,0
682,1,65<,50000-74999,Feamle,Part,Seperated,Romance,2,7,0,2,1
683,1,18-24,15000>,Other,Part,Married,Action,3,1,5,5,6
684,1,65<,74999-99999,Other,NULL,NULL,Film-Noir,7,2,8,0,1
685,1,25-34,15000>,NULL,Full,Single,Thriller,6,2,4,4,3
686,1,55-64,NULL,Non-binary,Part,Seperated,Documentary,1,1,6,7,7
687,1,55-64,35000-49999,NULL,Self,Seperated,Romance,2,5,2,5,5
688,0,18-24,NULL,Non-binary,Part,NULL,War,7,9,9,4,2
689,1,55-64,74999-99999,Male,NULL,Seperated,Mystery,5,8,6,3,1
690,1,45-54,100000<,Male,Self,Partnered,Action,1,0,10,3,2
691,1,25-34,74999-99999,Male,Student,Seperated,Short,4,1,2,7,6
692,1,NULL,50000-74999,NULL,NULL,Single,History,1,2,4,4,6
693,1,55-64,74999-99999,Other,NULL,Seperated,Crime,6,8,6,3,5
694,0,45-54,15000-34999,Feamle,Student,Single,Romance,10,4,7,9,9
695,0,65<,50000-74999,Feamle,NULL,NULL,Adventure,6,5,5,8,10
696,0,25-34,100000<,NULL,Full,Seperated,Horror,4,10,10,5,9
697,1,35-44,35000-49999,Feamle,Part,NULL,Sci-Fi,3,6,4,3,3
698,1,25-34,74999-99999,Male,Part,Partnered,History,7,3,2,6,8
699,1,18-24,NULL,Non-binary,Full,NULL,Documentary,9,3,5,0,2
700,0,65<,50000-74999,Non-binary,NULL,NULL,Fantasy,3,3,9,9,8
701,1,NULL,100000<,Other,Self,NULL,Music,1,9,3,2,8
702,0,25-34,NULL,Other,Self,Partnered,Adventure,10,1,9,9,5
703,1,25-34,NULL,NULL,Full,Seperated,History,7,7,0,5,10
704,1,65<,74999-99999,NULL,Part,NULL,Musical,2,0,4,9,10
705,0,45-54,35000-49999,Non-binary,Self,Partnered,Drama,4,10,7,9,10
706,0,55-64,35000-49999,Feamle,Student,Married,Crime,4,9,8,5,5
707,0,35-44,100000<,Male,Full,Married,Mystery,8,7,1,6,9
708,0,NULL,100000<,Feamle,NULL,Single,Short,7,6,6,9,7
709,1,18-24,50000-74999,Non-binary,Student,Married,Musical,5,4,6,4,0
710,1,45-54,35000-49999,NULL,Full,Seperated,Sci-Fi,7,6,0,7,2
711,0,18-24,15000-34999,Other,None,Single,Action,5,10,5,2,10
712,0,25-34,15000-34999,Other,Part,Married,Horror,6,5,9,5,8
713,1,55-64,74999-99999,NULL,NULL,NULL,Sci-Fi,6,6,7,4,1
714,1,55-64,100000<,Non-binary,None,Seperated,Biography,3,7,5,2,1
715,0,45-54,15000-34999,NULL,NULL,Partnered,Romance,4,7,7,6,6
716,1,NULL,NULL,Other,Student,Single,Family,0,1,6,4,8
717,1,35-44,50000-74999,Male,Self,Seperated,Crime,0,0,1,3,6
718,1,65<,NULL,Other,Self,Partnered,Biography,3,2,7,4,3
719,1,65<,15000-34999,Feamle,Student,Seperated,Sport,2,9,3,7,2
720,0,45-54,35000-49999,Feamle,None,Partnered,News,3,10,6,7,8
721,1,25-34,15000-34999,NULL,Full,Seperated,Romance,4,7,1,10,5
722,1,25-34,50000-74999,NULL,Part,Seperated,Sport,1,9,7,4,2
723,0,NULL,15000-34999,Non-binary,None,Partnered,War,9,0,7,9,9
724,0,18-24,35000-49999,NULL,Student,NULL,Documentary,8,10,6,1,5
725,1,18-24,35000-49999,NULL,Student,Partnered,News,3,3,8,4,1
726,1,65<,15000>,Feamle,Part,Married,Action,1,0,7,1,1
727,1,65<,35000-49999,Feamle,NULL,Seperated,Short,4,2,3,2,3
728,0,45-54,NULL,Non-binary,Full,Married,Family,8,6,7,6,5
729,1,55-64,15000-34999,Feamle,Student,Single,Short,5,4,7,1,10
730,0,45-54,74999-99999,Non-binary,Part,Partnered,Music,7,6,10,10,5
731,0,35-44,15000>,Feamle,Student,Partnered,History,0,8,10,10,3
732,0,45-54,15000-34999,Male,NULL,Single,Music,3,9,5,8,10
733,1,35-44,100000<,Other,Part,Single,Short,7,1,4,3,10
734,0,65<,100000<,NULL,None,Partnered,Comedy,6,10,9,10,8
735,1,45-54,15000>,Non-binary,NULL,Single,Crime,9,0,8,2,9
736,0,65<,NULL,Non-binary,Part,NULL,Comedy,7,4,10,10,10
737,1,25-34,74999-99999,Other,NULL,Married,History,7,10,9,1,0
738,1,25-34,15000-34999,Other,Part,Single,Mystery,9,1,7,1,6
739,1,18-24,50000-74999,Feamle,Student,Partnered,War,9,2,5,1,7
740,1,18-24,74999-99999,NULL,NULL,Single,Mystery,5,3,1,3,9
741,0,18-24,NULL,Feamle,None,Seperated,Action,5,3,8,8,9
742,1,NULL,15000>,NULL,Self,Seperated,Mystery,10,7,3,8,0
743,0,18-24,50000-74999,NULL,Part,Married,Animation,4,8,9,9,6
744,0,35-44,100000<,NULL,None,Single,Adventure,9,10,9,1,4
745,1,25-34,35000-49999,Feamle,Part,NULL,Animation,5,0,1,3,10
746,1,65<,NULL,NULL,None,Married,Sport,3,5,6,6,9
747,1,NULL,50000-74999,Male,NULL,NULL,Music,1,4,6,5,7
748,1,25-34,NULL,Male,None,NULL,News,4,2,8,10,4
749,1,NULL,50000-74999,Other,Part,Seperated,Short,1,6,7,2,4
750,1,35-44,74999-99999,Other,Part,Partnered,Horror,6,0,1,4,1
751,1,18-24,15000>,Feamle,Full,NULL,Music,7,3,5,7,6
752,1,NULL,50000-74999,Feamle,None,Married,Sci-Fi,8,4,3,5,6
753,0,35-44,NULL,Feamle,Part,NULL,Film-Noir,2,10,6,6,10
754,1,55-64,15000>,Other,Full,Partnered,Horror,1,6,2,9,8
755,0,45-54,15000>,Non-binary,NULL,NULL,Sport,7,10,6,10,3
756,0,55-64,100000<,Male,Part,Married,Adventure,2,3,10,8,9
757,1,45-54,74999-99999,Feamle,NULL,Partnered,Horror,8,9,3,1,6
758,1,18-24,50000-74999,Male,Self,NULL,Thriller,6,0,6,4,0
759,1,25-34,NULL,Male,Self,Partnered,War,1,3,8,5,6
760,0,NULL,15000-34999,Other,Part,Single,News,2,9,10,7,8
761,1,35-44,NULL,NULL,Self,NULL,Animation,9,0,0,1,0
762,0,35-44,50000-74999,Non-binary,Student,Partnered,Action,5,10,0,8,10
763,0,18-24,74999-99999,Other,Full,NULL,Music,10,3,5,8,8
764,1,45-54,15000>,Non-binary,Part,Married,Action,3,8,5,7,0
765,1,NULL,15000-34999,Feamle,Self,Seperated,Drama,2,7,10,0,2
766,1,18-24,15000-34999,NULL,NULL,Seperated,History,5,7,1,5,4
767,1,35-44,74999-99999,Male,Student,Seperated,Drama,4,7,8,2,0
768,1,NULL,74999-99999,Feamle,Self,Partnered,Documentary,5,4,1,9,3
769,1,35-44,74999-99999,Male,Student,Partnered,Animation,3,3,4,7,3
770,1,65<,35000-49999,Non-binary,None,NULL,Crime,3,0,1,10,6
771,0,25-34,NULL,NULL,NULL,NULL,Family,4,10,7,9,4
772,1,55-64,15000>,NULL,Part,NULL,Horror,4,2,0,2,1
773,1,35-44,15000>,NULL,Self,Partnered,Biography,1,4,2,8,1
774,1,25-34,100000<,Male,Self,Single,Comedy,5,8,1,5,2
775,1,25-34,100000<,Feamle,Student,Single,Sport,10,5,2,9,3
776,1,18-24,35000-49999,NULL,Full,Seperated,War,0,3,0,6,0
777,1,25-34,15000>,Non-binary,Self,Seperated,Fantasy,4,2,0,2,5
778,1,65<,35000-49999,Other,Full,Partnered,Crime,7,8,3,9,2
779,1,55-64,15000-34999,Feamle,Self,Married,History,9,1,0,10,1
780,1,55-64,100000<,Feamle,Part,Partnered,Animation,8,1,0,6,4
781,1,55-64,50000-74999,NULL,Student,Single,Biography,8,10,0,7,4
782,0,55-64,50000-74999,Male,NULL,NULL,Adventure,4,5,9,8,5
783,1,25-34,50000-74999,Other,Self,Seperated,Drama,5,6,3,6,6
784,1,NULL,NULL,Non-binary,Student,Married,Crime,1,0,4,10,4
785,0,45-54,NULL,Feamle,None,Seperated,Adventure,8,10,5,6,8
786,1,35-44,74999-99999,NULL,NULL,Single,Family,9,6,7,1,4
787,0,65<,50000-74999,Non-binary,Student,Single,Sci-Fi,9,2,10,10,7
788,0,65<,100000<,Male,NULL,Seperated,History,8,7,6,6,4
789,1,25-34,74999-99999,NULL,Part,Partnered,Film-Noir,1,1,10,1,4
790,1,45-54,15000>,Other,None,Partnered,Adventure,0,4,7,6,10
791,1,65<,15000-34999,Non-binary,Student,Single,Crime,4,7,0,7,5
792,1,25-34,74999-99999,Other,Student,Married,Musical,2,4,10,9,0
793,0,25-34,15000-34999,Male,Full,NULL,Biography,9,9,4,9,6
794,1,18-24,15000-34999,Other,NULL,Single,Film-Noir,0,8,2,1,4
795,1,25-34,35000-49999,NULL,None,Married,War,4,8,10,1,6
796,1,45-54,NULL,Non-binary,Student,Single,Mystery,5,7,4,0,8
797,1,25-34,74999-99999,Non-binary,NULL,Partnered,Biography,4,5,7,7,2
798,1,35-44,100000<,Non-binary,NULL,Married,Documentary,1,6,5,9,3
799,1,18-24,74999-99999,Non-binary,Full,Married,Film-Noir,2,0,6,5,10
800,1,55-64,15000-34999,Non-binary,NULL,Single,Drama,0,1,8,6,3
801,1,45-54,35000-49999,NULL,NULL,Married,Sci-Fi,4,9,2,5,4
802,1,NULL,74999-99999,Male,Student,Married,Mystery,2,8,4,8,4
803,0,NULL,100000<,Non-binary,Self,Seperated,Thriller,1,9,8,2,10
804,0,NULL,NULL,Non-binary,Full,Married,Animation,1,8,10,8,3
805,1,35-44,15000-34999,NULL,NULL,Single,Musical,4,4,8,3,3
806,0,65<,100000<,NULL,Full,NULL,War,3,7,3,7,10
807,1,65<,100000<,Feamle,Part,Married,Drama,1,4,0,5,2
808,0,55-64,15000>,NULL,NULL,NULL,Film-Noir,9,10,1,9,7
809,1,18-24,35000-49999,Other,None,NULL,Family,10,1,3,7,1
810,1,35-44,15000>,Male,NULL,Single,Drama,4,6,10,6,1
811,1,18-24,50000-74999,Feamle,None,Partnered,Drama,9,9,2,0,5
812,1,55-64,100000<,NULL,NULL,NULL,Action,3,5,8,3,1
813,1,65<,15000>,Other,None,Single,History,6,4,8,2,5
814,0,NULL,15000-34999,Male,Student,Seperated,Family,7,7,10,2,5
815,0,55-64,15000-34999,Feamle,NULL,Partnered,Short,9,9,6,6,5
816,0,45-54,35000-49999,Other,Part,NULL,Romance,4,5,10,5,8
817,0,25-34,74999-99999,NULL,Part,Seperated,Crime,8,10,8,1,8
818,1,NULL,100000<,Male,NULL,Partnered,Drama,2,4,0,0,6
819,1,45-54,15000>,Non-binary,Self,Seperated,Fantasy,3,8,3,2,9
820,0,45-54,50000-74999,Male,Self,Single,Drama,10,10,8,1,1
821,1,55-64,50000-74999,Non-binary,Self,Seperated,War,9,4,4,7,2
822,1,65<,35000-49999,Non-binary,Student,Married,Sci-Fi,0,9,8,8,1
823,1,25-34,15000>,Feamle,NULL,NULL,Animation,7,6,7,7,1
824,1,35-44,NULL,NULL,Full,Partnered,Horror,3,3,9,5,1
825,0,18-24,100000<,NULL,Self,Partnered,Crime,6,8,10,2,5
826,1,35-44,15000>,Male,Part,Married,Horror,4,4,4,10,3
827,1,NULL,15000>,Other,NULL,Seperated,Sci-Fi,8,7,0,0,3
828,1,NULL,74999-99999,Other,Part,Married,Drama,2,2,3,4,10
829,1,NULL,15000-34999,NULL,NULL,Married,History,6,9,8,0,2
830,1,35-44,35000-49999,Other,NULL,Married,Biography,3,6,8,6,4
831,1,65<,15000>,Other,Student,Partnered,Animation,6,6,5,7,0
832,1,55-64,100000<,Male,NULL,Single,Film-Noir,4,9,6,2,3
833,1,25-34,50000-74999,Other,NULL,Partnered,News,1,3,8,6,10
834,1,18-24,35000-49999,NULL,Part,NULL,Fantasy,0,4,1,7,9
835,0,25-34,50000-74999,Other,Self,Seperated,War,10,8,6,5,7
836,0,55-64,35000-49999,Other,None,NULL,Crime,8,3,8,2,10
837,1,NULL,35000-49999,Male,Full,Seperated,Drama,0,7,10,1,5
838,0,45-54,50000-74999,Male,Self,Seperated,History,9,8,0,7,7
839,1,18-24,74999-99999,Feamle,None,Single,Documentary,8,5,0,7,3
840,1,NULL,50000-74999,NULL,None,Seperated,Documentary,3,4,6,3,4
841,1,18-24,74999-99999,Male,None,Single,Family,3,3,10,7,1
842,1,45-54,15000>,Non-binary,Self,NULL,Biography,4,8,7,5,4
843,0,45-54,74999-99999,Non-binary,Part,Seperated,Biography,5,0,7,8,10
844,1,NULL,35000-49999,Non-binary,Self,Married,Crime,2,9,3,2,1
845,0,25-34,15000-34999,Feamle,Full,Partnered,Sport,7,7,4,9,4
846,0,18-24,35000-49999,NULL,Full,Seperated,Musical,6,2,10,9,9
847,1,18-24,50000-74999,Male,Part,Seperated,Documentary,0,4,7,8,4
848,1,65<,74999-99999,Other,Student,Married,Short,0,1,3,1,2
849,1,35-44,15000>,Male,Self,Single,Crime,0,9,4,2,9
850,1,25-34,100000<,Feamle,None,Married,Music,6,7,3,5,4
851,1,25-34,15000>,Male,Student,Seperated,Romance,1,3,0,6,2
852,0,25-34,100000<,Feamle,NULL,Married,Musical,10,8,9,10,8
853,1,55-64,35000-49999,NULL,Self,NULL,Animation,7,1,5,1,9
854,1,45-54,50000-74999,Other,NULL,Single,Drama,0,2,1,3,5
855,1,65<,35000-49999,Other,Part,Married,Sci-Fi,0,2,8,0,7
856,1,NULL,15000>,Male,Student,Single,Comedy,1,0,2,10,1
857,1,18-24,NULL,Non-binary,None,Single,Drama,6,10,1,2,2
858,1,25-34,NULL,Feamle,Part,Married,Fantasy,6,3,9,8,0
859,1,55-64,50000-74999,Male,Self,Partnered,Documentary,3,8,5,4,0
860,0,55-64,50000-74999,Male,Full,Partnered,Comedy,1,10,10,10,7
861,0,18-24,74999-99999,Other,Full,Partnered,Drama,9,5,10,8,8
862,1,65<,100000<,Male,Self,NULL,Musical,3,7,2,6,6
863,1,NULL,35000-49999,Male,Part,Single,Action,5,2,2,4,9
864,1,25-34,50000-74999,Other,NULL,Partnered,Music,4,1,3,1,3
865,1,65<,100000<,Other,Part,Partnered,Action,5,0,2,3,0
866,0,35-44,50000-74999,Feamle,Full,Married,Adventure,10,7,3,6,7
867,0,18-24,35000-49999,Feamle,Part,NULL,Animation,10,5,6,10,0
868,1,65<,74999-99999,Male,NULL,Married,Horror,0,4,1,5,9
869,0,45-54,100000<,Other,Self,Single,Romance,6,9,3,7,8
870,1,65<,50000-74999,Male,Student,Married,Mystery,8,0,2,6,8
871,1,45-54,74999-99999,NULL,Student,NULL,Musical,1,2,9,9,4
872,0,18-24,35000-49999,Other,NULL,Partnered,Thriller,7,6,10,6,5
873,1,35-44,35000-49999,Non-binary,Student,Single,Film-Noir,7,1,8,5,4
874,0,55-64,NULL,Feamle,None,Married,Family,9,9,8,7,4
875,0,65<,35000-49999,NULL,Self,Married,Drama,9,7,3,2,9
876,1,NULL,15000>,Other,Self,Married,Romance,6,9,8,0,3
877,0,25-34,74999-99999,Other,Self,Partnered,Horror,10,7,8,8,8
878,1,25-34,15000>,Other,Self,NULL,Music,8,0,8,1,9
879,0,18-24,35000-49999,NULL,Full,NULL,Biography,5,5,4,9,7
880,1,65<,NULL,Other,NULL,Seperated,Thriller,1,6,3,8,3
881,1,NULL,50000-74999,Feamle,None,Seperated,War,9,1,0,1,2
882,0,NULL,35000-49999,Other,NULL,Married,Comedy,1,5,10,9,7
883,1,NULL,15000-34999,NULL,Part,NULL,Horror,4,2,6,10,7
884,1,55-64,35000-49999,NULL,None,Partnered,Fantasy,0,5,8,4,1
885,1,25-34,35000-49999,Male,NULL,Partnered,Family,2,0,4,2,10
886,1,NULL,15000-34999,NULL,None,NULL,Sport,2,1,10,1,3
887,0,35-44,15000-34999,Other,Part,Seperated,Horror,2,9,9,6,6
888,1,65<,100000<,Feamle,Self,NULL,Adventure,5,3,4,5,0
889,0,25-34,NULL,Feamle,Self,NULL,War,8,3,7,6,6
890,0,25-34,15000>,Other,None,NULL,Short,9,7,6,7,4
891,1,45-54,15000-34999,Other,Part,Single,Family,6,3,9,4,2
892,1,25-34,50000-74999,Non-binary,NULL,Partnered,Sport,1,8,2,5,1
893,1,25-34,50000-74999,NULL,Self,Seperated,Short,1,7,6,1,0
894,1,55-64,50000-74999,Feamle,Full,Single,War,5,9,6,2,1
895,1,18-24,50000-74999,NULL,None,NULL,Comedy,3,5,5,1,8
896,0,18-24,NULL,Male,NULL,Partnered,Music,10,4,7,4,7
897,1,18-24,15000-34999,Feamle,None,Partnered,Adventure,8,8,7,1,0
898,1,NULL,74999-99999,Male,None,Single,Sci-Fi,8,4,2,5,10
899,1,25-34,50000-74999,Other,NULL,Single,Adventure,1,6,7,7,6
900,1,45-54,15000>,Non-binary,None,Married,Sport,0,7,4,6,9
901,1,NULL,100000<,Non-binary,Full,NULL,Short,0,0,10,6,10
902,1,65<,35000-49999,Male,Full,Seperated,Crime,2,8,0,1,6
903,0,25-34,35000-49999,Non-binary,Self,Single,Family,5,7,10,4,9
904,1,45-54,15000>,Other,Student,Seperated,News,3,6,0,5,6
905,1,45-54,74999-99999,Male,Student,Married,War,0,1,1,9,2
906,1,NULL,74999-99999,Non-binary,Student,Single,Thriller,2,10,0,8,5
907,1,65<,50000-74999,Non-binary,Part,Married,Short,0,5,9,0,8
908,1,65<,50000-74999,Non-binary,None,Partnered,Musical,8,1,3,0,4
909,1,45-54,100000<,Male,Full,Seperated,History,1,5,0,1,7
910,1,NULL,35000-49999,Feamle,Part,Married,Family,8,2,6,6,5
911,0,45-54,15000-34999,Non-binary,Part,Single,Sport,10,8,1,5,7
912,1,55-64,74999-99999,Non-binary,None,Single,Music,5,2,7,7,6
913,0,25-34,35000-49999,Non-binary,NULL,Seperated,Fantasy,0,7,8,10,6
914,1,25-34,74999-99999,Other,Full,Single,Drama,0,1,0,8,6
915,1,NULL,35000-49999,Non-binary,Part,Single,Adventure,0,1,9,1,7
916,1,55-64,50000-74999,Feamle,None,Partnered,Sci-Fi,5,2,5,6,8
917,1,55-64,15000-34999,Feamle,Part,NULL,War,1,6,3,0,10
918,0,45-54,100000<,Feamle,Full,Single,Film-Noir,9,2,7,10,6
919,1,NULL,NULL,Male,Student,Married,History,3,4,8,7,3
920,1,35-44,15000>,Feamle,NULL,NULL,Romance,0,3,10,1,5
921,0,35-44,15000>,Feamle,NULL,Married,War,3,4,6,10,9
922,1,25-34,15000-34999,Other,Full,Single,Action,6,5,5,9,3
923,1,45-54,15000>,Male,Self,Single,Biography,6,6,3,7,6
924,1,18-24,35000-49999,Other,NULL,Single,Animation,4,2,4,9,0
925,1,65<,100000<,Other,Full,Single,Romance,2,7,6,7,2
926,0,65<,35000-49999,Male,Part,NULL,Drama,6,9,5,2,8
927,1,65<,15000>,Non-binary,NULL,NULL,Adventure,8,4,3,3,0
928,1,25-34,NULL,NULL,Part,NULL,Sci-Fi,10,1,7,4,2
929,1,NULL,50000-74999,Male,None,Partnered,Fantasy,9,5,8,1,3
930,1,45-54,NULL,Non-binary,Student,NULL,History,3,7,6,1,0
931,1,65<,15000>,Other,Full,NULL,Crime,7,0,3,0,2
932,1,25-34,15000>,Other,Full,Married,Adventure,8,4,5,1,7
933,1,65<,74999-99999,Non-binary,Student,Single,Family,9,5,0,5,5
934,1,65<,15000-34999,Male,None,Married,Sci-Fi,2,10,9,8,0
935,1,45-54,35000-49999,Non-binary,Self,Partnered,Fantasy,3,4,8,6,6
936,0,NULL,15000-34999,Other,Full,Married,Short,10,5,5,4,10
937,1,18-24,74999-99999,Male,NULL,Single,Horror,7,1,5,0,4
938,1,NULL,100000<,Non-binary,NULL,Married,Mystery,9,0,3,3,0
939,1,45-54,15000-34999,Non-binary,Full,Single,Sport,0,5,5,7,5
940,0,45-54,35000-49999,Non-binary,Part,Single,Adventure,9,4,0,10,9
941,1,45-54,50000-74999,Feamle,Student,Partnered,Fantasy,1,4,1,6,7
942,0,NULL,NULL,Male,Student,Single,Mystery,6,8,7,5,6
943,0,35-44,50000-74999,NULL,NULL,NULL,War,6,9,1,10,10
944,1,35-44,NULL,Male,Full,Partnered,Family,2,1,4,8,8
945,1,NULL,35000-49999,Other,Full,NULL,Family,2,1,0,1,1
946,0,25-34,35000-49999,Feamle,Self,Partnered,Biography,10,10,1,6,4
947,1,NULL,35000-49999,Feamle,None,Partnered,History,7,4,6,6,6
948,1,35-44,50000-74999,Male,Student,Seperated,Short,6,9,7,6,0
949,1,25-34,50000-74999,Male,NULL,Partnered,Short,2,3,0,5,3
950,0,NULL,50000-74999,Other,Part,Seperated,Adventure,8,4,8,0,10
951,1,25-34,35000-49999,Feamle,NULL,Partnered,Sport,0,0,5,10,7
952,1,55-64,15000>,NULL,None,Seperated,Film-Noir,4,7,10,3,0
953,1,25-34,15000-34999,NULL,Full,Partnered,Fantasy,5,1,3,9,3
954,1,NULL,15000>,Non-binary,Part,Partnered,History,0,3,9,5,7
955,1,NULL,15000-34999,Non-binary,None,NULL,Drama,2,2,5,2,3
956,0,18-24,35000-49999,Feamle,Part,NULL,Romance,7,9,3,5,8
957,1,18-24,15000-34999,Non-binary,Part,Single,Film-Noir,2,1,9,3,5
958,0,45-54,15000>,NULL,Student,NULL,News,5,7,10,1,9
959,1,55-64,50000-74999,Non-binary,Student,Married,Mystery,0,10,1,1,4
960,1,45-54,74999-99999,Non-binary,Student,Seperated,Biography,6,8,6,7,1
961,0,65<,74999-99999,Feamle,Full,Seperated,Documentary,9,4,8,8,3
962,1,55-64,100000<,NULL,Full,Partnered,Sci-Fi,9,6,0,1,0
963,1,65<,15000>,NULL,Full,Partnered,Film-Noir,2,8,1,7,5
964,1,55-64,35000-49999,Non-binary,NULL,Single,History,7,5,1,2,5
965,1,35-44,15000-34999,Male,None,Married,Drama,0,9,1,1,10
966,0,65<,35000-49999,Other,Self,Single,Mystery,9,10,9,0,2
967,1,NULL,15000>,Feamle,Part,NULL,Family,1,8,3,9,0
968,1,18-24,100000<,Male,Student,Married,Mystery,8,9,3,0,4
969,0,18-24,100000<,Non-binary,Student,Married,Action,7,10,6,10,10
970,1,35-44,15000>,Other,Student,Single,Thriller,2,6,2,0,5
971,1,NULL,15000>,Male,Full,Partnered,Mystery,2,9,3,1,8
972,1,65<,50000-74999,NULL,None,Seperated,Music,5,2,2,1,3
973,1,55-64,15000>,Other,Full,Seperated,Sci-Fi,3,7,7,3,0
974,0,35-44,35000-49999,Feamle,NULL,Single,History,5,8,4,10,5
975,1,35-44,50000-74999,Male,Part,Single,Drama,10,4,5,8,1
976,1,NULL,74999-99999,NULL,Part,Single,Documentary,8,4,3,1,7
977,1,18-24,35000-49999,Feamle,Part,NULL,Crime,2,10,10,3,4
978,1,55-64,15000>,Feamle,Self,Single,Family,3,7,5,4,0
979,0,NULL,15000-34999,Feamle,Student,Married,Family,8,7,6,7,4
980,0,45-54,35000-49999,Feamle,Part,Partnered,Mystery,3,10,3,9,8
981,1,45-54,74999-99999,Non-binary,Full,NULL,Film-Noir,2,2,7,4,4
982,0,65<,100000<,NULL,Full,Single,Thriller,5,9,7,8,3
983,1,18-24,35000-49999,Male,Part,Married,Mystery,3,8,0,4,0
984,1,35-44,35000-49999,Feamle,NULL,Single,War,1,0,3,0,3
985,1,18-24,35000-49999,Non-binary,Part,Single,Thriller,3,6,3,2,5
986,0,25-34,NULL,Non-binary,Part,Seperated,Romance,3,10,7,6,7
987,1,65<,15000-34999,NULL,Self,Seperated,Crime,2,0,8,2,7
988,0,65<,100000<,NULL,Self,Single,Film-Noir,8,10,3,9,9
989,1,NULL,100000<,Other,Self,Seperated,Sport,8,8,9,1,2
990,1,65<,74999-99999,Non-binary,NULL,Single,Film-Noir,0,6,8,1,7
991,0,25-34,74999-99999,NULL,NULL,Single,Romance,6,8,1,8,8
992,1,55-64,100000<,Non-binary,None,Married,Documentary,6,7,5,5,6
993,1,65<,NULL,Feamle,Self,Seperated,Sport,3,0,6,1,10
994,1,25-34,100000<,Other,None,Partnered,Family,6,7,4,5,6
995,1,35-44,74999-99999,Non-binary,Full,Partnered,Drama,6,8,5,6,3
996,1,35-44,35000-49999,Other,Full,Seperated,Romance,0,10,7,2,10
997,1,25-34,35000-49999,Other,None,Married,Romance,7,4,3,7,1
998,0,35-44,74999-99999,Male,Part,NULL,Fantasy,8,9,9,10,4
999,1,55-64,50000-74999,NULL,NULL,Single,Action,5,7,4,9,2
1000,0,55-64,15000>,Non-binary,Full,Seperated,Sport,10,9,2,8,8